sentence1,sentence2,sentence3
<type>trend<subspace><groupby>Year<measure>Worldwide $m avg<focus><parameter>increasing,<type>trend<subspace>Type Drama<groupby>Year<measure>Worldwide $m avg<focus><parameter>increasing,<type>extreme<subspace>Type Drama<groupby>Year<measure>Worldwide $m avg<focus>1987/01/01<parameter>
<type>trend<subspace>Type Drama<groupby>Year<measure>Worldwide $m avg<focus><parameter>increasing,<type>extreme<subspace>Type Drama<groupby>Year<measure>Worldwide $m avg<focus>1987/01/01<parameter>,<type>extreme<subspace>Type Drama<groupby>Year<measure>Worldwide $m avg<focus>2009/01/01<parameter>max
<type>extreme<subspace>Type Drama<groupby>Year<measure>Worldwide $m avg<focus>1987/01/01<parameter>,<type>extreme<subspace>Type Drama<groupby>Year<measure>Worldwide $m avg<focus>2009/01/01<parameter>max,"<type>difference<subspace>Type Drama<groupby>Year<measure>Worldwide $m avg<focus>2009/01/01,1987/01/01<parameter>lower"
<type>categorization<subspace><groupby>Primary Industry<measure><focus><parameter>50categories,<type>categorization<subspace>Region of Citizenship China<groupby>Primary Industry<measure><focus><parameter>11categories,<type>outlier<subspace>Region of Citizenship China<groupby>Primary Industry<measure>Net Worth ($M) avg<focus>Entertaiment<parameter>
<type>categorization<subspace>Region of Citizenship China<groupby>Primary Industry<measure><focus><parameter>11categories,<type>outlier<subspace>Region of Citizenship China<groupby>Primary Industry<measure>Net Worth ($M) avg<focus>Entertaiment<parameter>,"<type>value<subspace>Region of Citizenship China,Primary Industry Entertaiment<groupby><measure>Net Worth ($M) avg<focus><parameter>"
<type>outlier<subspace>Region of Citizenship China<groupby>Primary Industry<measure>Net Worth ($M) avg<focus>Entertaiment<parameter>,"<type>value<subspace>Region of Citizenship China,Primary Industry Entertaiment<groupby><measure>Net Worth ($M) avg<focus><parameter>","<type>difference<subspace>Primary Industry Entertaiment<groupby>Region of Citizenship<measure>Net Worth ($M) avg<focus>China,USA<parameter>higher"
<type>categorization<subspace><groupby>together<measure><focus><parameter>6categories,<type>proportion<subspace><groupby>together<measure>number sum<focus>2 people<parameter>,<type>value<subspace>together 2 people<groupby><measure>Age avg<focus><parameter>
<type>proportion<subspace><groupby>together<measure>number sum<focus>2 people<parameter>,<type>value<subspace>together 2 people<groupby><measure>Age avg<focus><parameter>,<type>proportion<subspace><groupby>together<measure>number sum<focus>over 10 people<parameter>
<type>value<subspace>together 2 people<groupby><measure>Age avg<focus><parameter>,<type>proportion<subspace><groupby>together<measure>number sum<focus>over 10 people<parameter>,"<type>difference<subspace><groupby>together<measure>Age avg<focus>2 people,over 10 people<parameter>higher"
<type>trend<subspace><groupby>broken year<measure>survival time avg<focus><parameter>decreasing,<type>value<subspace>broken year 2012/01/01<groupby><measure>survival time avg<focus><parameter>,<type>value<subspace>broken year 2013/01/01<groupby><measure>survival time avg<focus><parameter>
<type>value<subspace>broken year 2012/01/01<groupby><measure>survival time avg<focus><parameter>,<type>value<subspace>broken year 2013/01/01<groupby><measure>survival time avg<focus><parameter>,<type>value<subspace>broken year 2014/01/01<groupby><measure>survival time avg<focus><parameter>
<type>value<subspace>broken year 2013/01/01<groupby><measure>survival time avg<focus><parameter>,<type>value<subspace>broken year 2014/01/01<groupby><measure>survival time avg<focus><parameter>,"<type>difference<subspace><groupby>broken year<measure>survival time avg<focus>2014/01/01,2012/01/01<parameter>higher"
<type>trend<subspace><groupby>US release Date<measure>IMDB rating avg<focus><parameter>increasing,<type>extreme<subspace><groupby>US release Date<measure>IMDB rating avg<focus>2008/06/13<parameter>,<type>value<subspace>US release Date 2015/05/01<groupby><measure>IMDB rating avg<focus><parameter>
<type>extreme<subspace><groupby>US release Date<measure>IMDB rating avg<focus>2008/06/13<parameter>,<type>value<subspace>US release Date 2015/05/01<groupby><measure>IMDB rating avg<focus><parameter>,<type>extreme<subspace><groupby>US release Date<measure>IMDB rating avg<focus>2019/04/06<parameter>max
<type>value<subspace>US release Date 2015/05/01<groupby><measure>IMDB rating avg<focus><parameter>,<type>extreme<subspace><groupby>US release Date<measure>IMDB rating avg<focus>2019/04/06<parameter>max,"<type>difference<subspace><groupby>US release Date<measure>IMDB rating avg<focus>2008/06/13,2019/04/06<parameter>higher"
<type>trend<subspace><groupby>Year<measure>Earnings avg<focus><parameter>increasing,<type>rank<subspace><groupby>Sport<measure>Earnings avg<focus><parameter>Mixed Martial Arts Soccer Boxing,<type>extreme<subspace>Year 2021/01/01<groupby>Sport<measure>Earnings avg<focus>Mixed Martial Arts<parameter>max
<type>rank<subspace><groupby>Sport<measure>Earnings avg<focus><parameter>Mixed Martial Arts Soccer Boxing,<type>extreme<subspace>Year 2021/01/01<groupby>Sport<measure>Earnings avg<focus>Mixed Martial Arts<parameter>max,<type>trend<subspace>Sport Soccer<groupby>Year<measure>Earnings avg<focus><parameter>increasing
<type>extreme<subspace>Year 2021/01/01<groupby>Sport<measure>Earnings avg<focus>Mixed Martial Arts<parameter>max,<type>trend<subspace>Sport Soccer<groupby>Year<measure>Earnings avg<focus><parameter>increasing,"<type>difference<subspace>Year 2021/01/01<groupby>Sport<measure>Earnings avg<focus>Mixed Martial Arts,Soccer<parameter>higher"
<type>categorization<subspace><groupby>Percent of  GDP per capita<measure><focus><parameter>96categories,<type>rank<subspace><groupby>Country<measure>Annual-Nominal (US$) avg<focus><parameter>Australia Luxembourg Ireland,<type>rank<subspace><groupby>Country<measure>Workweek  (hours) avg<focus><parameter>Kenya The Gambia Laos
<type>rank<subspace><groupby>Country<measure>Annual-Nominal (US$) avg<focus><parameter>Australia Luxembourg Ireland,<type>rank<subspace><groupby>Country<measure>Workweek  (hours) avg<focus><parameter>Kenya The Gambia Laos,<type>value<subspace>Country Kenya<groupby><measure>Workweek  (hours) avg<focus><parameter>
<type>rank<subspace><groupby>Country<measure>Workweek  (hours) avg<focus><parameter>Kenya The Gambia Laos,<type>value<subspace>Country Kenya<groupby><measure>Workweek  (hours) avg<focus><parameter>,<type>value<subspace>Country Australia<groupby><measure>Workweek  (hours) avg<focus><parameter>
<type>categorization<subspace><groupby>Country<measure><focus><parameter>37categories,<type>distribution<subspace><groupby>Country<measure>Profit $ avg<focus><parameter>,<type>outlier<subspace><groupby>Country<measure>Profit $ avg<focus>Saudi Arabia<parameter>
<type>distribution<subspace><groupby>Country<measure>Profit $ avg<focus><parameter>,<type>outlier<subspace><groupby>Country<measure>Profit $ avg<focus>Saudi Arabia<parameter>,<type>value<subspace>Country Saudi Arabia<groupby><measure>Profit $ avg<focus><parameter>
<type>outlier<subspace><groupby>Country<measure>Profit $ avg<focus>Saudi Arabia<parameter>,<type>value<subspace>Country Saudi Arabia<groupby><measure>Profit $ avg<focus><parameter>,"<type>difference<subspace><groupby>Country<measure>Sales $ avg<focus>China,Saudi Arabia<parameter>higher"
<type>categorization<subspace><groupby>region<measure><focus><parameter>232categories,<type>distribution<subspace><groupby>region<measure>density avg<focus><parameter>,<type>outlier<subspace><groupby>region<measure>pop2021 avg<focus>China<parameter>
<type>distribution<subspace><groupby>region<measure>density avg<focus><parameter>,<type>outlier<subspace><groupby>region<measure>pop2021 avg<focus>China<parameter>,<type>value<subspace>region China<groupby><measure>pop2021 sum<focus><parameter>
<type>outlier<subspace><groupby>region<measure>pop2021 avg<focus>China<parameter>,<type>value<subspace>region China<groupby><measure>pop2021 sum<focus><parameter>,<type>proportion<subspace><groupby>region<measure>pop2021 sum<focus>China<parameter>
<type>categorization<subspace><groupby>candidate<measure><focus><parameter>6categories,<type>proportion<subspace><groupby>candidate<measure>votes sum<focus>Biden<parameter>,<type>proportion<subspace><groupby>candidate<measure>votes sum<focus>Trump<parameter>
<type>proportion<subspace><groupby>candidate<measure>votes sum<focus>Biden<parameter>,<type>proportion<subspace><groupby>candidate<measure>votes sum<focus>Trump<parameter>,"<type>difference<subspace><groupby>candidate<measure>votes avg<focus>Trump,Biden<parameter>higher"
<type>proportion<subspace><groupby>candidate<measure>votes sum<focus>Trump<parameter>,"<type>difference<subspace><groupby>candidate<measure>votes avg<focus>Trump,Biden<parameter>higher",<type>extreme<subspace><groupby>candidate<measure>votes sum<focus>Biden<parameter>max
<type>categorization<subspace><groupby>Make<measure><focus><parameter>42categories,<type>extreme<subspace><groupby>Make<measure>Fuel Consumption Hwy (L/100 km) avg<focus>BUGATTI<parameter>max,<type>value<subspace>Make BUGATTI<groupby><measure>Cylinders avg<focus><parameter>
<type>extreme<subspace><groupby>Make<measure>Fuel Consumption Hwy (L/100 km) avg<focus>BUGATTI<parameter>max,<type>value<subspace>Make BUGATTI<groupby><measure>Cylinders avg<focus><parameter>,<type>value<subspace>Make SMART<groupby><measure>Cylinders avg<focus><parameter>
<type>value<subspace>Make BUGATTI<groupby><measure>Cylinders avg<focus><parameter>,<type>value<subspace>Make SMART<groupby><measure>Cylinders avg<focus><parameter>,<type>extreme<subspace><groupby>Make<measure>Fuel Consumption Hwy (L/100 km) avg<focus>SMART<parameter>
<type>trend<subspace><groupby>Year<measure>User Rating avg<focus><parameter>increasing,<type>distribution<subspace>Author Dr. Seuss<groupby>Year<measure>Reviews avg<focus><parameter>,<type>extreme<subspace>Author Dr. Seuss<groupby>Year<measure>Reviews avg<focus>2015/01/01<parameter>
<type>distribution<subspace>Author Dr. Seuss<groupby>Year<measure>Reviews avg<focus><parameter>,<type>extreme<subspace>Author Dr. Seuss<groupby>Year<measure>Reviews avg<focus>2015/01/01<parameter>,"<type>value<subspace>Author Dr. Seuss,Year 2017/01/01<groupby><measure>Reviews sum<focus><parameter>"
<type>extreme<subspace>Author Dr. Seuss<groupby>Year<measure>Reviews avg<focus>2015/01/01<parameter>,"<type>value<subspace>Author Dr. Seuss,Year 2017/01/01<groupby><measure>Reviews sum<focus><parameter>",<type>extreme<subspace>Author Dr. Seuss<groupby>Year<measure>Reviews avg<focus>2019/01/01<parameter>max
<type>trend<subspace><groupby>Date<measure>Confirmed Cases avg<focus><parameter>increasing,<type>trend<subspace>Country China<groupby>Date<measure>Confirmed Cases avg<focus><parameter>decreasing,<type>extreme<subspace>Country China<groupby>Date<measure>Confirmed Cases avg<focus>2020/03/01<parameter>max
<type>trend<subspace>Country China<groupby>Date<measure>Confirmed Cases avg<focus><parameter>decreasing,<type>extreme<subspace>Country China<groupby>Date<measure>Confirmed Cases avg<focus>2020/03/01<parameter>max,<type>proportion<subspace>Date 2020/03/01<groupby>Country<measure>Confirmed Cases sum<focus>China<parameter>
<type>extreme<subspace>Country China<groupby>Date<measure>Confirmed Cases avg<focus>2020/03/01<parameter>max,<type>proportion<subspace>Date 2020/03/01<groupby>Country<measure>Confirmed Cases sum<focus>China<parameter>,<type>proportion<subspace>Date 2020/03/21<groupby>Country<measure>Confirmed Cases sum<focus>China<parameter>
<type>categorization<subspace><groupby>country<measure><focus><parameter>158categories,<type>value<subspace><groupby><measure>freedom avg<focus><parameter>,<type>extreme<subspace><groupby>country<measure>freedom sum<focus>norway<parameter>
<type>value<subspace><groupby><measure>freedom avg<focus><parameter>,<type>extreme<subspace><groupby>country<measure>freedom sum<focus>norway<parameter>,<type>value<subspace>country norway<groupby><measure>freedom sum<focus><parameter>
<type>extreme<subspace><groupby>country<measure>freedom sum<focus>norway<parameter>,<type>value<subspace>country norway<groupby><measure>freedom sum<focus><parameter>,<type>rank<subspace><groupby>country<measure>happiness score avg<focus><parameter>denmark belgium united arab emirates
<type>categorization<subspace><groupby>weekend activity<measure><focus><parameter>6categories,<type>rank<subspace>Year 2007/01/01<groupby>weekend activity<measure>population avg<focus><parameter>Internet Magazines Outdoor/transport,<type>rank<subspace>Year 2020/01/01<groupby>weekend activity<measure>population avg<focus><parameter>Internet Tuvalu Magazines
<type>rank<subspace>Year 2007/01/01<groupby>weekend activity<measure>population avg<focus><parameter>Internet Magazines Outdoor/transport,<type>rank<subspace>Year 2020/01/01<groupby>weekend activity<measure>population avg<focus><parameter>Internet Tuvalu Magazines,<type>trend<subspace>weekend activity Tuvalu<groupby>Year<measure>population avg<focus><parameter>increasing
<type>rank<subspace>Year 2020/01/01<groupby>weekend activity<measure>population avg<focus><parameter>Internet Tuvalu Magazines,<type>trend<subspace>weekend activity Tuvalu<groupby>Year<measure>population avg<focus><parameter>increasing,<type>trend<subspace>weekend activity Internet<groupby>Year<measure>population avg<focus><parameter>decreasing
<type>categorization<subspace><groupby>gender<measure><focus><parameter>2categories,<type>value<subspace>parental level of education high school<groupby><measure>reading score avg<focus><parameter>,<type>value<subspace>parental level of education bachelor's degree<groupby><measure>reading score avg<focus><parameter>
<type>value<subspace>parental level of education high school<groupby><measure>reading score avg<focus><parameter>,<type>value<subspace>parental level of education bachelor's degree<groupby><measure>reading score avg<focus><parameter>,<type>value<subspace>parental level of education master's degree<groupby><measure>reading score avg<focus><parameter>
<type>value<subspace>parental level of education bachelor's degree<groupby><measure>reading score avg<focus><parameter>,<type>value<subspace>parental level of education master's degree<groupby><measure>reading score avg<focus><parameter>,"<type>difference<subspace><groupby>parental level of education<measure>reading score avg<focus>high school,master's degree<parameter>higher"
<type>trend<subspace><groupby>Date<measure>Cumulative number of case(s) avg<focus><parameter>increasing,"<type>trend<subspace>Country Taiwan, China<groupby>Date<measure>Cumulative number of case(s) avg<focus><parameter>increasing","<type>trend<subspace>Country Taiwan, China<groupby>Date<measure>Number recovered sum<focus><parameter>increasing"
"<type>trend<subspace>Country Taiwan, China<groupby>Date<measure>Cumulative number of case(s) avg<focus><parameter>increasing","<type>trend<subspace>Country Taiwan, China<groupby>Date<measure>Number recovered sum<focus><parameter>increasing","<type>extreme<subspace>Country Taiwan, China<groupby>Date<measure>Number recovered avg<focus>2003/07/11<parameter>max"
"<type>trend<subspace>Country Taiwan, China<groupby>Date<measure>Number recovered sum<focus><parameter>increasing","<type>extreme<subspace>Country Taiwan, China<groupby>Date<measure>Number recovered avg<focus>2003/07/11<parameter>max","<type>value<subspace>Country Taiwan, China<groupby><measure>Number recovered sum<focus><parameter>"
<type>categorization<subspace><groupby>Sports<measure><focus><parameter>7categories,<type>extreme<subspace><groupby>Sports<measure>male participants avg<focus>Golf<parameter>max,<type>extreme<subspace><groupby>Sports<measure>female participants avg<focus>Tennis<parameter>max
<type>extreme<subspace><groupby>Sports<measure>male participants avg<focus>Golf<parameter>max,<type>extreme<subspace><groupby>Sports<measure>female participants avg<focus>Tennis<parameter>max,<type>proportion<subspace><groupby>Sports<measure>female participants sum<focus>Tennis<parameter>
<type>extreme<subspace><groupby>Sports<measure>female participants avg<focus>Tennis<parameter>max,<type>proportion<subspace><groupby>Sports<measure>female participants sum<focus>Tennis<parameter>,<type>proportion<subspace><groupby>Sports<measure>male participants avg<focus>Golf<parameter>
<type>trend<subspace><groupby>date_documented<measure>encounter_length count<focus><parameter>increasing,<type>distribution<subspace><groupby>ufo_shape<measure>encounter_length count<focus><parameter>,<type>value<subspace>ufo_shape light<groupby><measure>encounter_length count<focus><parameter>
<type>distribution<subspace><groupby>ufo_shape<measure>encounter_length count<focus><parameter>,<type>value<subspace>ufo_shape light<groupby><measure>encounter_length count<focus><parameter>,<type>proportion<subspace><groupby>ufo_shape<measure>encounter_length count<focus>light<parameter>
<type>value<subspace>ufo_shape light<groupby><measure>encounter_length count<focus><parameter>,<type>proportion<subspace><groupby>ufo_shape<measure>encounter_length count<focus>light<parameter>,<type>rank<subspace>ufo_shape light<groupby>described_encounter_length<measure>encounter_length count<focus><parameter>5 minutes 15 minutes 10 minutes
<type>categorization<subspace><groupby>sex<measure><focus><parameter>2categories,<type>proportion<subspace><groupby>sex<measure>mission_number count<focus>male<parameter>,<type>distribution<subspace>sex male<groupby>occupation<measure>number sum<focus><parameter>
<type>proportion<subspace><groupby>sex<measure>mission_number count<focus>male<parameter>,<type>distribution<subspace>sex male<groupby>occupation<measure>number sum<focus><parameter>,<type>rank<subspace>sex male<groupby>occupation<measure>mission_number count<focus><parameter>
<type>distribution<subspace>sex male<groupby>occupation<measure>number sum<focus><parameter>,<type>rank<subspace>sex male<groupby>occupation<measure>mission_number count<focus><parameter>,<type>proportion<subspace>sex male<groupby>occupation<measure>number count<focus>MSP<parameter>
<type>categorization<subspace><groupby>Type 1<measure><focus><parameter>18categories,<type>rank<subspace><groupby>Type 1<measure>HP avg<focus><parameter>Dragon Fighting Fairy,<type>rank<subspace><groupby>Type 1<measure>Att avg<focus><parameter>Fighting Dragon Ground
<type>rank<subspace><groupby>Type 1<measure>HP avg<focus><parameter>Dragon Fighting Fairy,<type>rank<subspace><groupby>Type 1<measure>Att avg<focus><parameter>Fighting Dragon Ground,<type>proportion<subspace><groupby>Type 1<measure>Number count<focus>Dragon<parameter>
<type>rank<subspace><groupby>Type 1<measure>Att avg<focus><parameter>Fighting Dragon Ground,<type>proportion<subspace><groupby>Type 1<measure>Number count<focus>Dragon<parameter>,<type>value<subspace>Type 1 Dragon<groupby><measure>Number count<focus><parameter>
<type>categorization<subspace><groupby>album<measure><focus><parameter>9categories,<type>extreme<subspace><groupby>album<measure>popularity avg<focus>Speak Now (Deluxe Package)<parameter>,<type>rank<subspace>artist Taylor Swift<groupby>album<measure>popularity avg<focus><parameter>reputation Lover Fearless (Taylor's Version)
<type>extreme<subspace><groupby>album<measure>popularity avg<focus>Speak Now (Deluxe Package)<parameter>,<type>rank<subspace>artist Taylor Swift<groupby>album<measure>popularity avg<focus><parameter>reputation Lover Fearless (Taylor's Version),<type>extreme<subspace>artist Taylor Swift<groupby>album<measure>popularity avg<focus>Lover<parameter>
<type>rank<subspace>artist Taylor Swift<groupby>album<measure>popularity avg<focus><parameter>reputation Lover Fearless (Taylor's Version),<type>extreme<subspace>artist Taylor Swift<groupby>album<measure>popularity avg<focus>Lover<parameter>,<type>trend<subspace><groupby>release_date<measure>popularity avg<focus><parameter>increasing
<type>trend<subspace><groupby>Incident Date<measure># Killed sum<focus><parameter>increasing,<type>value<subspace>Incident Date 2016/09/10<groupby><measure># Killed sum<focus><parameter>,<type>value<subspace>Incident Date 2019/03/10<groupby><measure># Killed sum<focus><parameter>
<type>value<subspace>Incident Date 2016/09/10<groupby><measure># Killed sum<focus><parameter>,<type>value<subspace>Incident Date 2019/03/10<groupby><measure># Killed sum<focus><parameter>,<type>value<subspace>Incident Date 2021/04/15<groupby><measure># Killed sum<focus><parameter>
<type>value<subspace>Incident Date 2019/03/10<groupby><measure># Killed sum<focus><parameter>,<type>value<subspace>Incident Date 2021/04/15<groupby><measure># Killed sum<focus><parameter>,<type>extreme<subspace><groupby>Incident Date<measure># Killed sum<focus>2017/10/01<parameter>max
<type>categorization<subspace><groupby>Country<measure><focus><parameter>11categories,<type>categorization<subspace><groupby>Brand<measure><focus><parameter>21categories,<type>distribution<subspace><groupby>Brand<measure>Stars avg<focus><parameter>
<type>categorization<subspace><groupby>Brand<measure><focus><parameter>21categories,<type>distribution<subspace><groupby>Brand<measure>Stars avg<focus><parameter>,<type>extreme<subspace><groupby>Brand<measure>Stars avg<focus>Myojo<parameter>
<type>distribution<subspace><groupby>Brand<measure>Stars avg<focus><parameter>,<type>extreme<subspace><groupby>Brand<measure>Stars avg<focus>Myojo<parameter>,<type>value<subspace><groupby><measure>Stars avg<focus><parameter>
<type>categorization<subspace><groupby>sex<measure><focus><parameter>2categories,<type>extreme<subspace><groupby>sex<measure>age max<focus>1<parameter>,<type>extreme<subspace><groupby>sex<measure>age min<focus>0<parameter>
<type>extreme<subspace><groupby>sex<measure>age max<focus>1<parameter>,<type>extreme<subspace><groupby>sex<measure>age min<focus>0<parameter>,<type>value<subspace><groupby><measure>age avg<focus><parameter>
<type>extreme<subspace><groupby>sex<measure>age min<focus>0<parameter>,<type>value<subspace><groupby><measure>age avg<focus><parameter>,<type>value<subspace><groupby><measure>age median<focus><parameter>
<type>categorization<subspace><groupby>Department<measure><focus><parameter>3categories,<type>rank<subspace><groupby>Department<measure>EnvironmentSatisfaction avg<focus><parameter>Research & Development Human Resources Sales,<type>rank<subspace><groupby>Department<measure>JobSatisfaction avg<focus><parameter>Sales Research & Development Human Resources
<type>rank<subspace><groupby>Department<measure>EnvironmentSatisfaction avg<focus><parameter>Research & Development Human Resources Sales,<type>rank<subspace><groupby>Department<measure>JobSatisfaction avg<focus><parameter>Sales Research & Development Human Resources,<type>value<subspace>Department Sales<groupby><measure>YearsAtCompany avg<focus><parameter>
<type>rank<subspace><groupby>Department<measure>JobSatisfaction avg<focus><parameter>Sales Research & Development Human Resources,<type>value<subspace>Department Sales<groupby><measure>YearsAtCompany avg<focus><parameter>,<type>value<subspace>Department Research & Development<groupby><measure>YearsAtCompany avg<focus><parameter>
<type>categorization<subspace><groupby>sex<measure><focus><parameter>2categories,<type>categorization<subspace><groupby>region<measure><focus><parameter>4categories,<type>categorization<subspace>sex male<groupby>region<measure><focus><parameter>4categories
<type>categorization<subspace><groupby>region<measure><focus><parameter>4categories,<type>categorization<subspace>sex male<groupby>region<measure><focus><parameter>4categories,<type>extreme<subspace>sex male<groupby>region<measure>charges sum<focus>southeast<parameter>max
<type>categorization<subspace>sex male<groupby>region<measure><focus><parameter>4categories,<type>extreme<subspace>sex male<groupby>region<measure>charges sum<focus>southeast<parameter>max,"<type>difference<subspace>sex male<groupby>region<measure>charges sum<focus>southeast,southwest<parameter>higher"
<type>trend<subspace><groupby>date<measure>age avg<focus><parameter>increasing,<type>trend<subspace>city York<groupby>date<measure>age avg<focus><parameter>increasing,<type>extreme<subspace>city York<groupby>date<measure>age avg<focus>2015/10/17<parameter>
<type>trend<subspace>city York<groupby>date<measure>age avg<focus><parameter>increasing,<type>extreme<subspace>city York<groupby>date<measure>age avg<focus>2015/10/17<parameter>,<type>extreme<subspace>city York<groupby>date<measure>age avg<focus>2016/12/11<parameter>
<type>extreme<subspace>city York<groupby>date<measure>age avg<focus>2015/10/17<parameter>,<type>extreme<subspace>city York<groupby>date<measure>age avg<focus>2016/12/11<parameter>,<type>rank<subspace>city York<groupby>date<measure>age avg<focus><parameter>
<type>categorization<subspace><groupby>Level of development<measure><focus><parameter>2categories,<type>proportion<subspace><groupby>Level of development<measure>Female Labor Force Participation Rate sum<focus>Developing<parameter>,"<type>difference<subspace><groupby>Level of development<measure>Female Labor Force Participation Rate avg<focus>Developed,Developing<parameter>higher"
<type>proportion<subspace><groupby>Level of development<measure>Female Labor Force Participation Rate sum<focus>Developing<parameter>,"<type>difference<subspace><groupby>Level of development<measure>Female Labor Force Participation Rate avg<focus>Developed,Developing<parameter>higher","<type>difference<subspace><groupby>European Union Membership<measure>Female Labor Force Participation Rate avg<focus>Member,Not Member<parameter>higher"
"<type>difference<subspace><groupby>Level of development<measure>Female Labor Force Participation Rate avg<focus>Developed,Developing<parameter>higher","<type>difference<subspace><groupby>European Union Membership<measure>Female Labor Force Participation Rate avg<focus>Member,Not Member<parameter>higher",<type>proportion<subspace><groupby>European Union Membership<measure>Female Labor Force Participation Rate sum<focus>Member<parameter>
<type>trend<subspace><groupby>date<measure>unix sum<focus><parameter>increasing,<type>trend<subspace>symbol BTC/USDT<groupby>date<measure>unix sum<focus><parameter>increasing,<type>extreme<subspace>symbol BTC/USDT<groupby>date<measure>unix sum<focus>2017/12/18<parameter>
<type>trend<subspace>symbol BTC/USDT<groupby>date<measure>unix sum<focus><parameter>increasing,<type>extreme<subspace>symbol BTC/USDT<groupby>date<measure>unix sum<focus>2017/12/18<parameter>,<type>extreme<subspace>symbol BTC/USDT<groupby>date<measure>unix sum<focus>2021/05/12<parameter>
<type>extreme<subspace>symbol BTC/USDT<groupby>date<measure>unix sum<focus>2017/12/18<parameter>,<type>extreme<subspace>symbol BTC/USDT<groupby>date<measure>unix sum<focus>2021/05/12<parameter>,"<type>difference<subspace><groupby>date<measure>unix sum<focus>2021/05/12,2017/12/18<parameter>lower"
<type>categorization<subspace><groupby>Keyword<measure><focus><parameter>100categories,<type>value<subspace><groupby><measure>Search Volume avg<focus><parameter>,<type>rank<subspace><groupby>Keyword<measure>Search Volume avg<focus><parameter>google google translate google maps
<type>value<subspace><groupby><measure>Search Volume avg<focus><parameter>,<type>rank<subspace><groupby>Keyword<measure>Search Volume avg<focus><parameter>google google translate google maps,<type>extreme<subspace><groupby>Keyword<measure>Search Volume avg<focus>google<parameter>max
<type>rank<subspace><groupby>Keyword<measure>Search Volume avg<focus><parameter>google google translate google maps,<type>extreme<subspace><groupby>Keyword<measure>Search Volume avg<focus>google<parameter>max,<type>extreme<subspace><groupby>Keyword<measure>Search Volume avg<focus>google nest mini<parameter>
<type>trend<subspace><groupby>Year<measure>Kilometers_Driven avg<focus><parameter>decreasing,<type>trend<subspace>Fuel_Type Petrol<groupby>Year<measure>Kilometers_Driven avg<focus><parameter>decreasing,<type>trend<subspace>Fuel_Type Petrol<groupby>Year<measure>Kilometers_Driven avg<focus><parameter>decreasing
<type>trend<subspace>Fuel_Type Petrol<groupby>Year<measure>Kilometers_Driven avg<focus><parameter>decreasing,<type>trend<subspace>Fuel_Type Petrol<groupby>Year<measure>Kilometers_Driven avg<focus><parameter>decreasing,<type>extreme<subspace>Fuel_Type Petrol<groupby>Year<measure>Kilometers_Driven avg<focus>2013/01/01<parameter>max
<type>trend<subspace>Fuel_Type Petrol<groupby>Year<measure>Kilometers_Driven avg<focus><parameter>decreasing,<type>extreme<subspace>Fuel_Type Petrol<groupby>Year<measure>Kilometers_Driven avg<focus>2013/01/01<parameter>max,<type>extreme<subspace>Fuel_Type Petrol<groupby>Year<measure>Kilometers_Driven avg<focus>2019/01/01<parameter>
<type>distribution<subspace><groupby>Brand<measure>Sales sum<focus><parameter>,<type>proportion<subspace><groupby>Brand<measure>Sales sum<focus>Ford<parameter>,<type>value<subspace>Brand Ford<groupby><measure>Sales sum<focus><parameter>
<type>proportion<subspace><groupby>Brand<measure>Sales sum<focus>Ford<parameter>,<type>value<subspace>Brand Ford<groupby><measure>Sales sum<focus><parameter>,<type>trend<subspace>Brand Ford<groupby>Year<measure>Sales sum<focus><parameter>increasing
<type>value<subspace>Brand Ford<groupby><measure>Sales sum<focus><parameter>,<type>trend<subspace>Brand Ford<groupby>Year<measure>Sales sum<focus><parameter>increasing,<type>extreme<subspace>Brand Ford<groupby>Year<measure>Sales avg<focus>2011/01/01<parameter>max
<type>trend<subspace><groupby>year<measure>Training Places avg<focus><parameter>decreasing,"<type>difference<subspace><groupby>gender<measure>Training Places avg<focus>Male,Female<parameter>higher",<type>outlier<subspace>gender Male<groupby>year<measure>Training Places avg<focus>2010/01/01<parameter>
"<type>difference<subspace><groupby>gender<measure>Training Places avg<focus>Male,Female<parameter>higher",<type>outlier<subspace>gender Male<groupby>year<measure>Training Places avg<focus>2010/01/01<parameter>,<type>outlier<subspace>gender Female<groupby>year<measure>Training Places avg<focus>2010/01/01<parameter>
<type>outlier<subspace>gender Male<groupby>year<measure>Training Places avg<focus>2010/01/01<parameter>,<type>outlier<subspace>gender Female<groupby>year<measure>Training Places avg<focus>2010/01/01<parameter>,"<type>difference<subspace>year 2020/01/01<groupby>gender<measure>Training Places avg<focus>Male,Female<parameter>higher"
<type>trend<subspace><groupby>year<measure>teaching avg<focus><parameter>decreasing,<type>rank<subspace><groupby>country<measure>teaching avg<focus><parameter>Japan United Kingdom United States of America,<type>trend<subspace>country Japan<groupby>year<measure>teaching avg<focus><parameter>decreasing
<type>rank<subspace><groupby>country<measure>teaching avg<focus><parameter>Japan United Kingdom United States of America,<type>trend<subspace>country Japan<groupby>year<measure>teaching avg<focus><parameter>decreasing,<type>trend<subspace>country United States of America<groupby>year<measure>teaching avg<focus><parameter>decreasing
<type>trend<subspace>country Japan<groupby>year<measure>teaching avg<focus><parameter>decreasing,<type>trend<subspace>country United States of America<groupby>year<measure>teaching avg<focus><parameter>decreasing,"<type>difference<subspace><groupby>country<measure>teaching avg<focus>United States of America,Japan<parameter>higher"
<type>categorization<subspace><groupby>city<measure><focus><parameter>100categories,<type>categorization<subspace>state Arizona<groupby>city<measure><focus><parameter>7categories,<type>outlier<subspace>state Arizona<groupby>city<measure>population_2020 avg<focus>Phoenix<parameter>
<type>categorization<subspace>state Arizona<groupby>city<measure><focus><parameter>7categories,<type>outlier<subspace>state Arizona<groupby>city<measure>population_2020 avg<focus>Phoenix<parameter>,"<type>value<subspace>state Arizona,city Phoenix<groupby><measure>one_adult_no_kids_living_wage avg<focus><parameter>"
<type>outlier<subspace>state Arizona<groupby>city<measure>population_2020 avg<focus>Phoenix<parameter>,"<type>value<subspace>state Arizona,city Phoenix<groupby><measure>one_adult_no_kids_living_wage avg<focus><parameter>",<type>outlier<subspace><groupby>state<measure>one_adult_no_kids_living_wage avg<focus>Hawaii<parameter>
<type>trend<subspace><groupby>Order Date<measure>Sales sum<focus><parameter>increasing,<type>rank<subspace><groupby>Order Date<measure>Sales sum<focus><parameter>2014/03/18 2016/10/02 2017/03/23,<type>extreme<subspace><groupby>Order Date<measure>Sales sum<focus>2014/03/18<parameter>max
<type>rank<subspace><groupby>Order Date<measure>Sales sum<focus><parameter>2014/03/18 2016/10/02 2017/03/23,<type>extreme<subspace><groupby>Order Date<measure>Sales sum<focus>2014/03/18<parameter>max,<type>value<subspace>Order Date 2014/10/06<groupby><measure>Sales sum<focus><parameter>
<type>extreme<subspace><groupby>Order Date<measure>Sales sum<focus>2014/03/18<parameter>max,<type>value<subspace>Order Date 2014/10/06<groupby><measure>Sales sum<focus><parameter>,<type>extreme<subspace><groupby>Order Date<measure>Sales sum<focus>2015/07/19<parameter>
<type>trend<subspace><groupby>Year<measure>Total Cores avg<focus><parameter>increasing,<type>trend<subspace>Segment Research<groupby>Year<measure>Total Cores avg<focus><parameter>increasing,<type>outlier<subspace>Continent North America<groupby>Year<measure>Total Cores avg<focus>2018/01/01<parameter>
<type>trend<subspace>Segment Research<groupby>Year<measure>Total Cores avg<focus><parameter>increasing,<type>outlier<subspace>Continent North America<groupby>Year<measure>Total Cores avg<focus>2018/01/01<parameter>,"<type>value<subspace>Year 2021/01/01,Continent North America,Segment Research<groupby><measure>Total Cores avg<focus><parameter>"
<type>outlier<subspace>Continent North America<groupby>Year<measure>Total Cores avg<focus>2018/01/01<parameter>,"<type>value<subspace>Year 2021/01/01,Continent North America,Segment Research<groupby><measure>Total Cores avg<focus><parameter>","<type>trend<subspace>Continent North America,Segment Research<groupby>Year<measure>Total Cores avg<focus><parameter>no trend"
<type>categorization<subspace><groupby>GENDER<measure><focus><parameter>2categories,<type>categorization<subspace><groupby>CLASSROOM<measure><focus><parameter>3categories,<type>proportion<subspace><groupby>GENDER<measure>#_SIBLINGS sum<focus>2<parameter>
<type>categorization<subspace><groupby>CLASSROOM<measure><focus><parameter>3categories,<type>proportion<subspace><groupby>GENDER<measure>#_SIBLINGS sum<focus>2<parameter>,<type>proportion<subspace><groupby>GENDER<measure>#_SIBLINGS sum<focus>1<parameter>
<type>proportion<subspace><groupby>GENDER<measure>#_SIBLINGS sum<focus>2<parameter>,<type>proportion<subspace><groupby>GENDER<measure>#_SIBLINGS sum<focus>1<parameter>,<type>distribution<subspace><groupby>CLASSROOM<measure>#_SIBLINGS sum<focus><parameter>
<type>trend<subspace><groupby>Year<measure>User Rating avg<focus><parameter>increasing,<type>trend<subspace><groupby>Year<measure>Price avg<focus><parameter>decreasing,<type>rank<subspace><groupby>Author<measure>Price avg<focus><parameter>American Psychiatric Association Lin-Manuel Miranda Bill Simmons
<type>trend<subspace><groupby>Year<measure>Price avg<focus><parameter>decreasing,<type>rank<subspace><groupby>Author<measure>Price avg<focus><parameter>American Psychiatric Association Lin-Manuel Miranda Bill Simmons,<type>rank<subspace><groupby>Author<measure>User Rating avg<focus><parameter>Jill Twiss Nathan W. Pyle Chip Gaines
<type>rank<subspace><groupby>Author<measure>Price avg<focus><parameter>American Psychiatric Association Lin-Manuel Miranda Bill Simmons,<type>rank<subspace><groupby>Author<measure>User Rating avg<focus><parameter>Jill Twiss Nathan W. Pyle Chip Gaines,<type>proportion<subspace><groupby>Author<measure>Price sum<focus>Lin-Manuel Miranda<parameter>
<type>categorization<subspace><groupby>Position<measure><focus><parameter>13categories,<type>rank<subspace><groupby>Position<measure>Age avg<focus><parameter>Goalkeeper Left Midfield Second Striker,<type>rank<subspace><groupby>Position<measure>Transfer_fee avg<focus><parameter>Left Winger Right Winger Central Midfield
<type>rank<subspace><groupby>Position<measure>Age avg<focus><parameter>Goalkeeper Left Midfield Second Striker,<type>rank<subspace><groupby>Position<measure>Transfer_fee avg<focus><parameter>Left Winger Right Winger Central Midfield,<type>value<subspace>Position Goalkeeper<groupby><measure>Transfer_fee avg<focus><parameter>
<type>rank<subspace><groupby>Position<measure>Transfer_fee avg<focus><parameter>Left Winger Right Winger Central Midfield,<type>value<subspace>Position Goalkeeper<groupby><measure>Transfer_fee avg<focus><parameter>,<type>value<subspace><groupby><measure>Transfer_fee avg<focus><parameter>
<type>trend<subspace><groupby>year<measure>Number of Enrolled Students sum<focus><parameter>increasing,<type>rank<subspace><groupby>year<measure>Number of Enrolled Students sum<focus><parameter>2020/01/01 2019/01/01 2018/01/01,<type>proportion<subspace><groupby>year<measure>Number of Enrolled Students sum<focus>2020/01/01<parameter>
<type>rank<subspace><groupby>year<measure>Number of Enrolled Students sum<focus><parameter>2020/01/01 2019/01/01 2018/01/01,<type>proportion<subspace><groupby>year<measure>Number of Enrolled Students sum<focus>2020/01/01<parameter>,<type>value<subspace>year 2020/01/01<groupby><measure>Number of Enrolled Students sum<focus><parameter>
<type>proportion<subspace><groupby>year<measure>Number of Enrolled Students sum<focus>2020/01/01<parameter>,<type>value<subspace>year 2020/01/01<groupby><measure>Number of Enrolled Students sum<focus><parameter>,<type>distribution<subspace>year 2020/01/01<groupby>gender<measure>Number of Enrolled Students sum<focus><parameter>
<type>categorization<subspace><groupby>team<measure><focus><parameter>14categories,<type>rank<subspace><groupby>team<measure>home_win_percentage avg<focus><parameter>Rising Pune Supergiant Mumbai Indians Chennai Super Kings,<type>rank<subspace><groupby>team<measure>away_win_percentage avg<focus><parameter>Gujarat Lions Delhi Capitals Chennai Super Kings
<type>rank<subspace><groupby>team<measure>home_win_percentage avg<focus><parameter>Rising Pune Supergiant Mumbai Indians Chennai Super Kings,<type>rank<subspace><groupby>team<measure>away_win_percentage avg<focus><parameter>Gujarat Lions Delhi Capitals Chennai Super Kings,"<type>difference<subspace><groupby>team<measure>home_win_percentage avg<focus>Rising Pune Supergiant,Gujarat Lions<parameter>higher"
<type>rank<subspace><groupby>team<measure>away_win_percentage avg<focus><parameter>Gujarat Lions Delhi Capitals Chennai Super Kings,"<type>difference<subspace><groupby>team<measure>home_win_percentage avg<focus>Rising Pune Supergiant,Gujarat Lions<parameter>higher","<type>difference<subspace><groupby>team<measure>away_win_percentage avg<focus>Pune Warriors,Gujarat Lions<parameter>higher"
<type>trend<subspace><groupby>year<measure>number of teachers sum<focus><parameter>increasing,<type>extreme<subspace><groupby>year<measure>number of teachers sum<focus>2017/01/01<parameter>max,<type>distribution<subspace>year 1996/01/01<groupby>age group<measure>number of teachers sum<focus><parameter>
<type>extreme<subspace><groupby>year<measure>number of teachers sum<focus>2017/01/01<parameter>max,<type>distribution<subspace>year 1996/01/01<groupby>age group<measure>number of teachers sum<focus><parameter>,<type>distribution<subspace>year 2008/01/01<groupby>age group<measure>number of teachers sum<focus><parameter>
<type>distribution<subspace>year 1996/01/01<groupby>age group<measure>number of teachers sum<focus><parameter>,<type>distribution<subspace>year 2008/01/01<groupby>age group<measure>number of teachers sum<focus><parameter>,<type>distribution<subspace>year 2019/01/01<groupby>age group<measure>number of teachers sum<focus><parameter>
<type>trend<subspace><groupby>year<measure>number of teachers sum<focus><parameter>increasing,<type>extreme<subspace><groupby>year<measure>number of teachers sum<focus>2016/01/01<parameter>max,<type>distribution<subspace>year 1987/01/01<groupby>length of service<measure>number of teachers sum<focus><parameter>
<type>extreme<subspace><groupby>year<measure>number of teachers sum<focus>2016/01/01<parameter>max,<type>distribution<subspace>year 1987/01/01<groupby>length of service<measure>number of teachers sum<focus><parameter>,<type>distribution<subspace>year 2004/01/01<groupby>length of service<measure>number of teachers sum<focus><parameter>
<type>distribution<subspace>year 1987/01/01<groupby>length of service<measure>number of teachers sum<focus><parameter>,<type>distribution<subspace>year 2004/01/01<groupby>length of service<measure>number of teachers sum<focus><parameter>,<type>distribution<subspace>year 2019/01/01<groupby>length of service<measure>number of teachers sum<focus><parameter>
<type>trend<subspace><groupby>year of assessment<measure>number of companies sum<focus><parameter>increasing,<type>value<subspace>year of assessment 2019/01/01<groupby><measure>number of companies sum<focus><parameter>,<type>rank<subspace>year of assessment 2019/01/01<groupby>economic sector<measure>number of companies sum<focus><parameter>Wholesale & Retail Trade Real Estate & Business Activities Financial & Insurance Activities
<type>value<subspace>year of assessment 2019/01/01<groupby><measure>number of companies sum<focus><parameter>,<type>rank<subspace>year of assessment 2019/01/01<groupby>economic sector<measure>number of companies sum<focus><parameter>Wholesale & Retail Trade Real Estate & Business Activities Financial & Insurance Activities,<type>rank<subspace>year of assessment 2019/01/01<groupby>economic sector<measure>chargeable_income sum<focus><parameter>Wholesale & Retail Trade Financial & Insurance Activities Manufacturing
<type>rank<subspace>year of assessment 2019/01/01<groupby>economic sector<measure>number of companies sum<focus><parameter>Wholesale & Retail Trade Real Estate & Business Activities Financial & Insurance Activities,<type>rank<subspace>year of assessment 2019/01/01<groupby>economic sector<measure>chargeable_income sum<focus><parameter>Wholesale & Retail Trade Financial & Insurance Activities Manufacturing,<type>rank<subspace>year of assessment 2019/01/01<groupby>economic sector<measure>net tax assessed sum<focus><parameter>Financial & Insurance Activities Wholesale & Retail Trade Real Estate & Business Activities
<type>trend<subspace><groupby>year of assessment<measure>number of companies sum<focus><parameter>increasing,<type>value<subspace>year of assessment 2019/01/01<groupby><measure>number of companies sum<focus><parameter>,<type>extreme<subspace><groupby>year of assessment<measure>chargeable income sum<focus>2019/01/01<parameter>max
<type>value<subspace>year of assessment 2019/01/01<groupby><measure>number of companies sum<focus><parameter>,<type>extreme<subspace><groupby>year of assessment<measure>chargeable income sum<focus>2019/01/01<parameter>max,<type>extreme<subspace><groupby>year of assessment<measure>net tax assessed sum<focus>2019/01/01<parameter>max
<type>extreme<subspace><groupby>year of assessment<measure>chargeable income sum<focus>2019/01/01<parameter>max,<type>extreme<subspace><groupby>year of assessment<measure>net tax assessed sum<focus>2019/01/01<parameter>max,"<type>association<subspace><groupby>year of assessment<measure>chargeable income sum,number of companies sum<focus><parameter>positive"
<type>categorization<subspace><groupby>car body style<measure><focus><parameter>6categories,<type>rank<subspace><groupby>car body style<measure>number of vehicles sum<focus><parameter>Station wagons Motorcycles and Scooters Goods and Other Vehicles,<type>distribution<subspace>car body style Station wagons<groupby>year<measure>number of vehicles sum<focus><parameter>
<type>rank<subspace><groupby>car body style<measure>number of vehicles sum<focus><parameter>Station wagons Motorcycles and Scooters Goods and Other Vehicles,<type>distribution<subspace>car body style Station wagons<groupby>year<measure>number of vehicles sum<focus><parameter>,<type>distribution<subspace>car body style Motorcycles and Scooters<groupby>year<measure>number of vehicles sum<focus><parameter>
<type>distribution<subspace>car body style Station wagons<groupby>year<measure>number of vehicles sum<focus><parameter>,<type>distribution<subspace>car body style Motorcycles and Scooters<groupby>year<measure>number of vehicles sum<focus><parameter>,<type>distribution<subspace>car body style Goods and Other Vehicles<groupby>year<measure>number of vehicles sum<focus><parameter>
<type>categorization<subspace><groupby>Category<measure><focus><parameter>6categories,"<type>rank<subspace><groupby>Category<measure>Calories avg<focus><parameter>Protein Boxes Sandwiches, Paninis & Salads Mercato",<type>extreme<subspace><groupby>Category<measure>Calories from Fat avg<focus>Protein Boxes<parameter>max
"<type>rank<subspace><groupby>Category<measure>Calories avg<focus><parameter>Protein Boxes Sandwiches, Paninis & Salads Mercato",<type>extreme<subspace><groupby>Category<measure>Calories from Fat avg<focus>Protein Boxes<parameter>max,<type>extreme<subspace><groupby>Category<measure>Total Fat(g) avg<focus>Protein Boxes<parameter>max
<type>extreme<subspace><groupby>Category<measure>Calories from Fat avg<focus>Protein Boxes<parameter>max,<type>extreme<subspace><groupby>Category<measure>Total Fat(g) avg<focus>Protein Boxes<parameter>max,"<type>association<subspace><groupby>Category<measure>Calories avg,Total Fat(g) avg<focus><parameter>positive"
<type>categorization<subspace><groupby>sex<measure><focus><parameter>2categories,<type>categorization<subspace><groupby>age<measure><focus><parameter>6categories,<type>extreme<subspace><groupby>age<measure>population sum<focus>35-54 years<parameter>
<type>categorization<subspace><groupby>age<measure><focus><parameter>6categories,<type>extreme<subspace><groupby>age<measure>population sum<focus>35-54 years<parameter>,<type>proportion<subspace><groupby>age<measure>population sum<focus>35-54 years<parameter>
<type>extreme<subspace><groupby>age<measure>population sum<focus>35-54 years<parameter>,<type>proportion<subspace><groupby>age<measure>population sum<focus>35-54 years<parameter>,<type>proportion<subspace><groupby>age<measure>population sum<focus>75+ years<parameter>
<type>trend<subspace><groupby>Year<measure>Audience  score % avg<focus><parameter>decreasing,<type>trend<subspace>Genre Comedy<groupby>Year<measure>Worldwide Gross avg<focus><parameter>decreasing,"<type>value<subspace>Genre Comedy,Year 2007/01/01<groupby><measure>Worldwide Gross avg<focus><parameter>"
<type>trend<subspace>Genre Comedy<groupby>Year<measure>Worldwide Gross avg<focus><parameter>decreasing,"<type>value<subspace>Genre Comedy,Year 2007/01/01<groupby><measure>Worldwide Gross avg<focus><parameter>","<type>value<subspace>Genre Comedy,Year 2011/01/01<groupby><measure>Worldwide Gross avg<focus><parameter>"
"<type>value<subspace>Genre Comedy,Year 2007/01/01<groupby><measure>Worldwide Gross avg<focus><parameter>","<type>value<subspace>Genre Comedy,Year 2011/01/01<groupby><measure>Worldwide Gross avg<focus><parameter>","<type>difference<subspace>Genre Comedy<groupby>Year<measure>Worldwide Gross avg<focus>2007/01/01,2011/01/01<parameter>higher"
<type>categorization<subspace><groupby>vehicle type<measure><focus><parameter>11categories,<type>proportion<subspace><groupby>max loding weights<measure>number of vehicle sum<focus>less than 3500 kg<parameter>,<type>proportion<subspace><groupby>max loding weights<measure>number of vehicle sum<focus>between 3500kg to 7000kg<parameter>
<type>proportion<subspace><groupby>max loding weights<measure>number of vehicle sum<focus>less than 3500 kg<parameter>,<type>proportion<subspace><groupby>max loding weights<measure>number of vehicle sum<focus>between 3500kg to 7000kg<parameter>,<type>proportion<subspace><groupby>max loding weights<measure>number of vehicle sum<focus>greater than 55000kg<parameter>
<type>proportion<subspace><groupby>max loding weights<measure>number of vehicle sum<focus>between 3500kg to 7000kg<parameter>,<type>proportion<subspace><groupby>max loding weights<measure>number of vehicle sum<focus>greater than 55000kg<parameter>,<type>trend<subspace>max loding weights greater than 55000kg<groupby>year<measure>number of vehicle sum<focus><parameter>increasing
<type>categorization<subspace><groupby>Country<measure><focus><parameter>9categories,<type>trend<subspace><groupby>Year<measure>Number of Government-Owned Companies sum<focus><parameter>increasing,<type>value<subspace>Year 2010/01/01<groupby><measure>Number of Government-Owned Companies sum<focus><parameter>
<type>trend<subspace><groupby>Year<measure>Number of Government-Owned Companies sum<focus><parameter>increasing,<type>value<subspace>Year 2010/01/01<groupby><measure>Number of Government-Owned Companies sum<focus><parameter>,<type>value<subspace>Year 2012/01/01<groupby><measure>Number of Government-Owned Companies sum<focus><parameter>
<type>value<subspace>Year 2010/01/01<groupby><measure>Number of Government-Owned Companies sum<focus><parameter>,<type>value<subspace>Year 2012/01/01<groupby><measure>Number of Government-Owned Companies sum<focus><parameter>,<type>extreme<subspace><groupby>Year<measure>Number of Government-Owned Companies sum<focus>2014/01/01<parameter>max
<type>categorization<subspace><groupby>engine type<measure><focus><parameter>8categories,<type>rank<subspace><groupby>engine type<measure>number of vehicles sum<focus><parameter>Petrol Diesel Petrol-Electric,<type>trend<subspace>engine type Petrol<groupby>year<measure>number of vehicles sum<focus><parameter>increasing
<type>rank<subspace><groupby>engine type<measure>number of vehicles sum<focus><parameter>Petrol Diesel Petrol-Electric,<type>trend<subspace>engine type Petrol<groupby>year<measure>number of vehicles sum<focus><parameter>increasing,<type>trend<subspace>engine type Diesel<groupby>year<measure>number of vehicles sum<focus><parameter>increasing
<type>trend<subspace>engine type Petrol<groupby>year<measure>number of vehicles sum<focus><parameter>increasing,<type>trend<subspace>engine type Diesel<groupby>year<measure>number of vehicles sum<focus><parameter>increasing,"<type>difference<subspace><groupby>engine type<measure>number of vehicles avg<focus>Petrol,Diesel<parameter>higher"
<type>trend<subspace><groupby>financial year<measure>number of new hires sum<focus><parameter>increasing,<type>rank<subspace>financial year 1997/01/01<groupby>ministry<measure>number of new hires sum<focus><parameter>Education Home Affairs National Development,<type>extreme<subspace>financial year 2008/01/01<groupby>ministry<measure>number of new hires sum<focus>Education<parameter>max
<type>rank<subspace>financial year 1997/01/01<groupby>ministry<measure>number of new hires sum<focus><parameter>Education Home Affairs National Development,<type>extreme<subspace>financial year 2008/01/01<groupby>ministry<measure>number of new hires sum<focus>Education<parameter>max,<type>proportion<subspace>financial year 2020/01/01<groupby>ministry<measure>number of new hires sum<focus>Education<parameter>
<type>extreme<subspace>financial year 2008/01/01<groupby>ministry<measure>number of new hires sum<focus>Education<parameter>max,<type>proportion<subspace>financial year 2020/01/01<groupby>ministry<measure>number of new hires sum<focus>Education<parameter>,<type>trend<subspace>ministry Education<groupby>financial year<measure>number of new hires sum<focus><parameter>increasing
<type>categorization<subspace><groupby>CC rating<measure><focus><parameter>5categories,<type>outlier<subspace><groupby>year<measure>number of cars sum<focus>2013/01/01<parameter>,<type>rank<subspace>year 2013/01/01<groupby>CC rating<measure>number of cars sum<focus><parameter>1001-1600CC 1601-2000CC 2001-3000CC
<type>outlier<subspace><groupby>year<measure>number of cars sum<focus>2013/01/01<parameter>,<type>rank<subspace>year 2013/01/01<groupby>CC rating<measure>number of cars sum<focus><parameter>1001-1600CC 1601-2000CC 2001-3000CC,<type>proportion<subspace>year 2013/01/01<groupby>CC rating<measure>number of cars sum<focus>1001-1600CC<parameter>
<type>rank<subspace>year 2013/01/01<groupby>CC rating<measure>number of cars sum<focus><parameter>1001-1600CC 1601-2000CC 2001-3000CC,<type>proportion<subspace>year 2013/01/01<groupby>CC rating<measure>number of cars sum<focus>1001-1600CC<parameter>,<type>value<subspace>CC rating 1001-1600CC<groupby><measure>number of cars sum<focus><parameter>
<type>trend<subspace><groupby>year<measure>expenditure per student avg<focus><parameter>increasing,<type>rank<subspace>year 1986/01/01<groupby>type of educational institution<measure>expenditure per student avg<focus><parameter>Universities Polytechnics Institute of Technical Education,"<type>value<subspace>year 2000/01/01,type of educational institution Universities<groupby><measure>expenditure per student avg<focus><parameter>"
<type>rank<subspace>year 1986/01/01<groupby>type of educational institution<measure>expenditure per student avg<focus><parameter>Universities Polytechnics Institute of Technical Education,"<type>value<subspace>year 2000/01/01,type of educational institution Universities<groupby><measure>expenditure per student avg<focus><parameter>",<type>extreme<subspace>type of educational institution Universities<groupby>year<measure>expenditure per student avg<focus>2010/01/01<parameter>max
"<type>value<subspace>year 2000/01/01,type of educational institution Universities<groupby><measure>expenditure per student avg<focus><parameter>",<type>extreme<subspace>type of educational institution Universities<groupby>year<measure>expenditure per student avg<focus>2010/01/01<parameter>max,"<type>difference<subspace><groupby>year<measure>expenditure per student avg<focus>2010/01/01,2019/01/01<parameter>higher"
<type>categorization<subspace><groupby>age year<measure><focus><parameter>21categories,<type>extreme<subspace><groupby>year<measure>Number of Motorcycles sum<focus>2005/01/01<parameter>,<type>rank<subspace><groupby>age year<measure>Number of Motorcycles sum<focus><parameter>4 - 5 20 5 - 6
<type>extreme<subspace><groupby>year<measure>Number of Motorcycles sum<focus>2005/01/01<parameter>,<type>rank<subspace><groupby>age year<measure>Number of Motorcycles sum<focus><parameter>4 - 5 20 5 - 6,<type>proportion<subspace><groupby>age year<measure>Number of Motorcycles sum<focus>4 - 5<parameter>
<type>rank<subspace><groupby>age year<measure>Number of Motorcycles sum<focus><parameter>4 - 5 20 5 - 6,<type>proportion<subspace><groupby>age year<measure>Number of Motorcycles sum<focus>4 - 5<parameter>,"<type>difference<subspace>age year 4 - 5<groupby>year<measure>Number of Motorcycles avg<focus>2005/01/01,2017/01/01<parameter>higher"
<type>trend<subspace><groupby>Year<measure>Number of graduates avg<focus><parameter>increasing,<type>distribution<subspace><groupby>Programs<measure>Number of graduates sum<focus><parameter>,"<type>proportion<subspace>Programs Engineering Sciences,Year 1993/01/01<groupby>Gender<measure>Number of graduates sum<focus>Males<parameter>"
<type>distribution<subspace><groupby>Programs<measure>Number of graduates sum<focus><parameter>,"<type>proportion<subspace>Programs Engineering Sciences,Year 1993/01/01<groupby>Gender<measure>Number of graduates sum<focus>Males<parameter>",<type>proportion<subspace>Year 2014/01/01<groupby>Gender<measure>Number of graduates sum<focus>Males<parameter>
"<type>proportion<subspace>Programs Engineering Sciences,Year 1993/01/01<groupby>Gender<measure>Number of graduates sum<focus>Males<parameter>",<type>proportion<subspace>Year 2014/01/01<groupby>Gender<measure>Number of graduates sum<focus>Males<parameter>,"<type>trend<subspace>Programs Engineering Sciences,Gender Females<groupby>Year<measure>Number of graduates sum<focus><parameter>increasing"
<type>trend<subspace><groupby>year<measure>Number of facilities avg<focus><parameter>increasing,<type>distribution<subspace>Institution type Dental Clinics<groupby>year<measure>Number of facilities avg<focus><parameter>,<type>extreme<subspace>Institution type Dental Clinics<groupby>year<measure>Number of facilities avg<focus>2009/01/01<parameter>
<type>distribution<subspace>Institution type Dental Clinics<groupby>year<measure>Number of facilities avg<focus><parameter>,<type>extreme<subspace>Institution type Dental Clinics<groupby>year<measure>Number of facilities avg<focus>2009/01/01<parameter>,<type>extreme<subspace>Institution type Dental Clinics<groupby>year<measure>Number of facilities avg<focus>2018/01/01<parameter>max
<type>extreme<subspace>Institution type Dental Clinics<groupby>year<measure>Number of facilities avg<focus>2009/01/01<parameter>,<type>extreme<subspace>Institution type Dental Clinics<groupby>year<measure>Number of facilities avg<focus>2018/01/01<parameter>max,"<type>difference<subspace>Institution type Dental Clinics<groupby>year<measure>Number of facilities avg<focus>2009/01/01,2018/01/01<parameter>higher"
<type>trend<subspace><groupby>year<measure>number of enrolled students avg<focus><parameter>decreasing,"<type>difference<subspace><groupby>year<measure>number of enrolled students avg<focus>2016/01/01,2020/01/01<parameter>higher","<type>difference<subspace>year 2020/01/01<groupby>Gender<measure>number of enrolled students avg<focus>Female,Male<parameter>higher"
"<type>difference<subspace><groupby>year<measure>number of enrolled students avg<focus>2016/01/01,2020/01/01<parameter>higher","<type>difference<subspace>year 2020/01/01<groupby>Gender<measure>number of enrolled students avg<focus>Female,Male<parameter>higher",<type>categorization<subspace>year 2020/01/01<groupby>Course Type<measure><focus><parameter>1categories
"<type>difference<subspace>year 2020/01/01<groupby>Gender<measure>number of enrolled students avg<focus>Female,Male<parameter>higher",<type>categorization<subspace>year 2020/01/01<groupby>Course Type<measure><focus><parameter>1categories,<type>extreme<subspace>Course Type Full-Time<groupby>year<measure>number of enrolled students avg<focus>2018/01/01<parameter>max
<type>trend<subspace><groupby>Year<measure>Rating avg<focus><parameter>decreasing,<type>trend<subspace><groupby>Year<measure>Revenue (Millions) avg<focus><parameter>decreasing,<type>value<subspace>Year 2006/01/01<groupby><measure>Revenue (Millions) avg<focus><parameter>
<type>trend<subspace><groupby>Year<measure>Revenue (Millions) avg<focus><parameter>decreasing,<type>value<subspace>Year 2006/01/01<groupby><measure>Revenue (Millions) avg<focus><parameter>,<type>value<subspace>Year 2016/01/01<groupby><measure>Revenue (Millions) avg<focus><parameter>
<type>value<subspace>Year 2006/01/01<groupby><measure>Revenue (Millions) avg<focus><parameter>,<type>value<subspace>Year 2016/01/01<groupby><measure>Revenue (Millions) avg<focus><parameter>,"<type>association<subspace><groupby>Year<measure>Rating avg,Revenue (Millions) avg<focus><parameter>positive"
<type>categorization<subspace><groupby>flavor_profile<measure><focus><parameter>5categories,<type>distribution<subspace><groupby>region<measure>prep_time count<focus><parameter>,<type>proportion<subspace>region West<groupby>flavor_profile<measure>prep_time count<focus>spicy<parameter>
<type>distribution<subspace><groupby>region<measure>prep_time count<focus><parameter>,<type>proportion<subspace>region West<groupby>flavor_profile<measure>prep_time count<focus>spicy<parameter>,<type>proportion<subspace>region East<groupby>flavor_profile<measure>prep_time count<focus>sweet<parameter>
<type>proportion<subspace>region West<groupby>flavor_profile<measure>prep_time count<focus>spicy<parameter>,<type>proportion<subspace>region East<groupby>flavor_profile<measure>prep_time count<focus>sweet<parameter>,<type>proportion<subspace>region Central<groupby>flavor_profile<measure>prep_time count<focus>spicy<parameter>
<type>categorization<subspace><groupby>Type<measure><focus><parameter>6categories,<type>rank<subspace><groupby>Type<measure>Cooking household appliances Shipments sum<focus><parameter>Electric ranges Gas ranges Electric ovens,<type>extreme<subspace><groupby>Type<measure>Cooking household appliances Shipments sum<focus>Gas ovens<parameter>
<type>rank<subspace><groupby>Type<measure>Cooking household appliances Shipments sum<focus><parameter>Electric ranges Gas ranges Electric ovens,<type>extreme<subspace><groupby>Type<measure>Cooking household appliances Shipments sum<focus>Gas ovens<parameter>,<type>proportion<subspace><groupby>Type<measure>Cooking household appliances Shipments sum<focus>Electric ranges<parameter>
<type>extreme<subspace><groupby>Type<measure>Cooking household appliances Shipments sum<focus>Gas ovens<parameter>,<type>proportion<subspace><groupby>Type<measure>Cooking household appliances Shipments sum<focus>Electric ranges<parameter>,<type>proportion<subspace><groupby>Type<measure>Cooking household appliances Shipments sum<focus>Gas ovens<parameter>
<type>categorization<subspace><groupby>weight class<measure><focus><parameter>10categories,<type>extreme<subspace><groupby>weight class<measure>Number of live birth sum<focus>5000 & OVER<parameter>,<type>extreme<subspace><groupby>weight class<measure>Number of live birth sum<focus>3000 - 3499<parameter>max
<type>extreme<subspace><groupby>weight class<measure>Number of live birth sum<focus>5000 & OVER<parameter>,<type>extreme<subspace><groupby>weight class<measure>Number of live birth sum<focus>3000 - 3499<parameter>max,"<type>value<subspace>Gender Female,weight class 3000 - 3499<groupby><measure>Number of live birth sum<focus><parameter>"
<type>extreme<subspace><groupby>weight class<measure>Number of live birth sum<focus>3000 - 3499<parameter>max,"<type>value<subspace>Gender Female,weight class 3000 - 3499<groupby><measure>Number of live birth sum<focus><parameter>","<type>value<subspace>Gender Male,weight class 3000 - 3499<groupby><measure>Number of live birth sum<focus><parameter>"
<type>trend<subspace><groupby>year<measure>trade value avg<focus><parameter>increasing,<type>distribution<subspace>year 2019/01/01<groupby>trading partner<measure>trade value avg<focus><parameter>,<type>outlier<subspace>year 2019/01/01<groupby>trading partner<measure>trade value avg<focus>United States Of America<parameter>
<type>distribution<subspace>year 2019/01/01<groupby>trading partner<measure>trade value avg<focus><parameter>,<type>outlier<subspace>year 2019/01/01<groupby>trading partner<measure>trade value avg<focus>United States Of America<parameter>,<type>proportion<subspace>year 2019/01/01<groupby>trading partner<measure>trade value avg<focus>United States Of America<parameter>
<type>outlier<subspace>year 2019/01/01<groupby>trading partner<measure>trade value avg<focus>United States Of America<parameter>,<type>proportion<subspace>year 2019/01/01<groupby>trading partner<measure>trade value avg<focus>United States Of America<parameter>,"<type>value<subspace>year 2019/01/01,trading partner United States Of America<groupby><measure>trade value avg<focus><parameter>"
<type>distribution<subspace><groupby>Brand<measure>Sales sum<focus><parameter>,<type>rank<subspace>Year 2015/01/01<groupby>Brand<measure>Sales sum<focus><parameter>Saint Laurent Other houses Gucci,<type>rank<subspace>Year 2017/01/01<groupby>Brand<measure>Sales sum<focus><parameter>Other sport and lifestyle brands Bottega Veneta Saint Laurent
<type>rank<subspace>Year 2015/01/01<groupby>Brand<measure>Sales sum<focus><parameter>Saint Laurent Other houses Gucci,<type>rank<subspace>Year 2017/01/01<groupby>Brand<measure>Sales sum<focus><parameter>Other sport and lifestyle brands Bottega Veneta Saint Laurent,<type>rank<subspace>Year 2020/01/01<groupby>Brand<measure>Sales sum<focus><parameter>Other houses Other sport and lifestyle brands Gucci
<type>rank<subspace>Year 2017/01/01<groupby>Brand<measure>Sales sum<focus><parameter>Other sport and lifestyle brands Bottega Veneta Saint Laurent,<type>rank<subspace>Year 2020/01/01<groupby>Brand<measure>Sales sum<focus><parameter>Other houses Other sport and lifestyle brands Gucci,"<type>difference<subspace><groupby>Year<measure>Sales avg<focus>2015/01/01,2020/01/01<parameter>higher"
<type>trend<subspace><groupby>year<measure>export revenue avg<focus><parameter>increasing,"<type>difference<subspace><groupby>year<measure>export revenue avg<focus>2017/01/01,2001/01/01<parameter>higher",<type>categorization<subspace><groupby>segment<measure><focus><parameter>5categories
"<type>difference<subspace><groupby>year<measure>export revenue avg<focus>2017/01/01,2001/01/01<parameter>higher",<type>categorization<subspace><groupby>segment<measure><focus><parameter>5categories,<type>extreme<subspace>year 2017/01/01<groupby>segment<measure>export revenue avg<focus>hardware<parameter>max
<type>categorization<subspace><groupby>segment<measure><focus><parameter>5categories,<type>extreme<subspace>year 2017/01/01<groupby>segment<measure>export revenue avg<focus>hardware<parameter>max,<type>extreme<subspace>year 2017/01/01<groupby>segment<measure>export revenue avg<focus>content services<parameter>
<type>categorization<subspace><groupby>Age Group <measure><focus><parameter>10categories,"<type>value<subspace>year 1980/01/01,Ethnic Group of Grooms and Brides Total Brides,Age Group  Under 20<groupby><measure>number of Marriages sum<focus><parameter>","<type>proportion<subspace>year 1980/01/01,Ethnic Group of Grooms and Brides Total Brides<groupby>Age Group <measure>number of Marriages sum<focus>Under 20<parameter>"
"<type>value<subspace>year 1980/01/01,Ethnic Group of Grooms and Brides Total Brides,Age Group  Under 20<groupby><measure>number of Marriages sum<focus><parameter>","<type>proportion<subspace>year 1980/01/01,Ethnic Group of Grooms and Brides Total Brides<groupby>Age Group <measure>number of Marriages sum<focus>Under 20<parameter>","<type>value<subspace>year 2020/01/01,Ethnic Group of Grooms and Brides Total Brides,Age Group  Under 20<groupby><measure>number of Marriages sum<focus><parameter>"
"<type>proportion<subspace>year 1980/01/01,Ethnic Group of Grooms and Brides Total Brides<groupby>Age Group <measure>number of Marriages sum<focus>Under 20<parameter>","<type>value<subspace>year 2020/01/01,Ethnic Group of Grooms and Brides Total Brides,Age Group  Under 20<groupby><measure>number of Marriages sum<focus><parameter>","<type>proportion<subspace>year 2020/01/01,Ethnic Group of Grooms and Brides Total Brides<groupby>Age Group <measure>number of Marriages sum<focus>Under 20<parameter>"
<type>categorization<subspace><groupby>marital status<measure><focus><parameter>5categories,<type>rank<subspace>year 2017/01/01<groupby>marital status<measure>death_count sum<focus><parameter>MARRIED WIDOWED SINGLE,<type>rank<subspace>year 2018/01/01<groupby>marital status<measure>death_count sum<focus><parameter>MARRIED WIDOWED UNKNOWN
<type>rank<subspace>year 2017/01/01<groupby>marital status<measure>death_count sum<focus><parameter>MARRIED WIDOWED SINGLE,<type>rank<subspace>year 2018/01/01<groupby>marital status<measure>death_count sum<focus><parameter>MARRIED WIDOWED UNKNOWN,<type>extreme<subspace>year 2019/01/01<groupby>marital status<measure>death_count sum<focus>DIVORCED<parameter>
<type>rank<subspace>year 2018/01/01<groupby>marital status<measure>death_count sum<focus><parameter>MARRIED WIDOWED UNKNOWN,<type>extreme<subspace>year 2019/01/01<groupby>marital status<measure>death_count sum<focus>DIVORCED<parameter>,<type>trend<subspace>marital status DIVORCED<groupby>year<measure>death_count sum<focus><parameter>no trend
<type>rank<subspace><groupby>region<measure>export revenue sum<focus><parameter>east asia asean europe,<type>proportion<subspace><groupby>region<measure>export revenue avg<focus>east asia<parameter>,<type>extreme<subspace><groupby>year<measure>export revenue avg<focus>2010/01/01<parameter>
<type>proportion<subspace><groupby>region<measure>export revenue avg<focus>east asia<parameter>,<type>extreme<subspace><groupby>year<measure>export revenue avg<focus>2010/01/01<parameter>,<type>proportion<subspace>year 2010/01/01<groupby>region<measure>export revenue avg<focus>east asia<parameter>
<type>extreme<subspace><groupby>year<measure>export revenue avg<focus>2010/01/01<parameter>,<type>proportion<subspace>year 2010/01/01<groupby>region<measure>export revenue avg<focus>east asia<parameter>,<type>distribution<subspace>region east asia<groupby>year<measure>export revenue avg<focus><parameter>
<type>distribution<subspace><groupby>age group<measure>deaths sum<focus><parameter>,"<type>extreme<subspace>age group 20 - 29,occupation Not Working<groupby>year<measure>deaths avg<focus>2017/01/01<parameter>max","<type>extreme<subspace>age group 20 - 29,occupation Not Working<groupby>year<measure>deaths avg<focus>2018/01/01<parameter>"
"<type>extreme<subspace>age group 20 - 29,occupation Not Working<groupby>year<measure>deaths avg<focus>2017/01/01<parameter>max","<type>extreme<subspace>age group 20 - 29,occupation Not Working<groupby>year<measure>deaths avg<focus>2018/01/01<parameter>","<type>value<subspace>year 2019/01/01,age group 20 - 29,occupation Not Working<groupby><measure>deaths avg<focus><parameter>"
"<type>extreme<subspace>age group 20 - 29,occupation Not Working<groupby>year<measure>deaths avg<focus>2018/01/01<parameter>","<type>value<subspace>year 2019/01/01,age group 20 - 29,occupation Not Working<groupby><measure>deaths avg<focus><parameter>","<type>difference<subspace>age group 20 - 29,occupation Not Working<groupby>year<measure>deaths avg<focus>2018/01/01,2019/01/01<parameter>higher"
<type>trend<subspace><groupby>Year<measure>Cost sum<focus><parameter>increasing,<type>rank<subspace><groupby>Season<measure>Cost sum<focus><parameter>fall summer winter,<type>extreme<subspace>Season fall<groupby>Year<measure>Cost sum<focus>2019/01/01<parameter>max
<type>rank<subspace><groupby>Season<measure>Cost sum<focus><parameter>fall summer winter,<type>extreme<subspace>Season fall<groupby>Year<measure>Cost sum<focus>2019/01/01<parameter>max,<type>categorization<subspace><groupby>Energy source<measure><focus><parameter>4categories
<type>extreme<subspace>Season fall<groupby>Year<measure>Cost sum<focus>2019/01/01<parameter>max,<type>categorization<subspace><groupby>Energy source<measure><focus><parameter>4categories,<type>rank<subspace>Year 2019/01/01<groupby>Energy source<measure>Cost sum<focus><parameter>Petroleum Gas Coal
<type>trend<subspace><groupby>year<measure>number of drug abusers sum<focus><parameter>increasing,<type>trend<subspace>age group Below 20<groupby>year<measure>number of drug abusers sum<focus><parameter>increasing,<type>extreme<subspace>age group Below 20<groupby>year<measure>number of drug abusers sum<focus>2019/01/01<parameter>max
<type>trend<subspace>age group Below 20<groupby>year<measure>number of drug abusers sum<focus><parameter>increasing,<type>extreme<subspace>age group Below 20<groupby>year<measure>number of drug abusers sum<focus>2019/01/01<parameter>max,"<type>proportion<subspace>age group Below 20,year 2019/01/01<groupby>abuser type<measure>number of drug abusers sum<focus>Repeated<parameter>"
<type>extreme<subspace>age group Below 20<groupby>year<measure>number of drug abusers sum<focus>2019/01/01<parameter>max,"<type>proportion<subspace>age group Below 20,year 2019/01/01<groupby>abuser type<measure>number of drug abusers sum<focus>Repeated<parameter>","<type>proportion<subspace>age group Below 20,year 2019/01/01<groupby>abuser type<measure>number of drug abusers sum<focus>New<parameter>"
<type>categorization<subspace><groupby>Country<measure><focus><parameter>9categories,<type>categorization<subspace>Year 2010/01/01<groupby>Entertainment Source<measure><focus><parameter>5categories,<type>rank<subspace><groupby>Entertainment Source<measure>Percentage of population avg<focus><parameter>Internet Newspaper Tuvalu
<type>categorization<subspace>Year 2010/01/01<groupby>Entertainment Source<measure><focus><parameter>5categories,<type>rank<subspace><groupby>Entertainment Source<measure>Percentage of population avg<focus><parameter>Internet Newspaper Tuvalu,<type>extreme<subspace>Entertainment Source Internet<groupby>Country<measure>Percentage of population avg<focus>Sweden<parameter>max
<type>rank<subspace><groupby>Entertainment Source<measure>Percentage of population avg<focus><parameter>Internet Newspaper Tuvalu,<type>extreme<subspace>Entertainment Source Internet<groupby>Country<measure>Percentage of population avg<focus>Sweden<parameter>max,<type>extreme<subspace>Entertainment Source Newspaper<groupby>Country<measure>Percentage of population avg<focus>Sweden<parameter>max
<type>trend<subspace><groupby>year<measure>electric energy consumption avg<focus><parameter>increasing,<type>trend<subspace>sector Households<groupby>year<measure>electric energy consumption avg<focus><parameter>increasing,<type>extreme<subspace>sector Households<groupby>year<measure>electric energy consumption avg<focus>2019/01/01<parameter>max
<type>trend<subspace>sector Households<groupby>year<measure>electric energy consumption avg<focus><parameter>increasing,<type>extreme<subspace>sector Households<groupby>year<measure>electric energy consumption avg<focus>2019/01/01<parameter>max,<type>extreme<subspace>sector Households<groupby>year<measure>electric energy consumption avg<focus>2020/01/01<parameter>
<type>extreme<subspace>sector Households<groupby>year<measure>electric energy consumption avg<focus>2019/01/01<parameter>max,<type>extreme<subspace>sector Households<groupby>year<measure>electric energy consumption avg<focus>2020/01/01<parameter>,"<type>difference<subspace>sector Households<groupby>year<measure>electric energy consumption avg<focus>2019/01/01,2020/01/01<parameter>higher"
<type>categorization<subspace><groupby>Economic sector<measure><focus><parameter>3categories,<type>proportion<subspace><groupby>Economic sector<measure>Employment ratio of Panama sum<focus>Services<parameter>,<type>extreme<subspace><groupby>Economic sector<measure>Employment ratio of Panama avg<focus>Services<parameter>max
<type>proportion<subspace><groupby>Economic sector<measure>Employment ratio of Panama sum<focus>Services<parameter>,<type>extreme<subspace><groupby>Economic sector<measure>Employment ratio of Panama avg<focus>Services<parameter>max,<type>extreme<subspace><groupby>Economic sector<measure>Employment ratio of Panama avg<focus>Agriculture<parameter>
<type>extreme<subspace><groupby>Economic sector<measure>Employment ratio of Panama avg<focus>Services<parameter>max,<type>extreme<subspace><groupby>Economic sector<measure>Employment ratio of Panama avg<focus>Agriculture<parameter>,"<type>difference<subspace><groupby>Economic sector<measure>Employment ratio of Panama avg<focus>Services,Agriculture<parameter>higher"
<type>trend<subspace><groupby>Year<measure>number of full-time employee avg<focus><parameter>decreasing,<type>categorization<subspace><groupby>department<measure><focus><parameter>4categories,<type>extreme<subspace><groupby>department<measure>number of full-time employee avg<focus>Research and development<parameter>max
<type>categorization<subspace><groupby>department<measure><focus><parameter>4categories,<type>extreme<subspace><groupby>department<measure>number of full-time employee avg<focus>Research and development<parameter>max,<type>extreme<subspace><groupby>department<measure>number of full-time employee avg<focus>Sales and marketing<parameter>
<type>extreme<subspace><groupby>department<measure>number of full-time employee avg<focus>Research and development<parameter>max,<type>extreme<subspace><groupby>department<measure>number of full-time employee avg<focus>Sales and marketing<parameter>,"<type>difference<subspace><groupby>department<measure>number of full-time employee avg<focus>Research and development,Sales and marketing<parameter>higher"
<type>categorization<subspace><groupby>course<measure><focus><parameter>3categories,<type>rank<subspace><groupby>course<measure>enrollment avg<focus><parameter>Science Arts Commerce,<type>rank<subspace><groupby>level<measure>enrollment avg<focus><parameter>Junior College 1 Junior College 2 Pre-University 1
<type>rank<subspace><groupby>course<measure>enrollment avg<focus><parameter>Science Arts Commerce,<type>rank<subspace><groupby>level<measure>enrollment avg<focus><parameter>Junior College 1 Junior College 2 Pre-University 1,<type>proportion<subspace>level Junior College 1<groupby>course<measure>enrollment avg<focus>Science<parameter>
<type>rank<subspace><groupby>level<measure>enrollment avg<focus><parameter>Junior College 1 Junior College 2 Pre-University 1,<type>proportion<subspace>level Junior College 1<groupby>course<measure>enrollment avg<focus>Science<parameter>,"<type>difference<subspace>course Science<groupby>gender<measure>enrollment avg<focus>Female,Male<parameter>higher"
<type>categorization<subspace>Year 1/01/2008<groupby>Country<measure><focus><parameter>51categories,<type>value<subspace>Year 1/01/2008<groupby><measure>Gold  sum<focus><parameter>,<type>rank<subspace>Year 1/01/2008<groupby>Country<measure>Gold  sum<focus><parameter>China United States Russia
<type>value<subspace>Year 1/01/2008<groupby><measure>Gold  sum<focus><parameter>,<type>rank<subspace>Year 1/01/2008<groupby>Country<measure>Gold  sum<focus><parameter>China United States Russia,"<type>difference<subspace>Year 1/01/2008<groupby>Country<measure>Gold per 100,000 pop sum<focus>United States,China<parameter>higher"
<type>rank<subspace>Year 1/01/2008<groupby>Country<measure>Gold  sum<focus><parameter>China United States Russia,"<type>difference<subspace>Year 1/01/2008<groupby>Country<measure>Gold per 100,000 pop sum<focus>United States,China<parameter>higher","<type>difference<subspace>Year 1/01/2008<groupby>Country<measure>Total medals per 100,000 pop sum<focus>United States,China<parameter>higher"
<type>categorization<subspace><groupby>Payment_Type<measure><focus><parameter>2categories,<type>rank<subspace><groupby>Time_Out<measure>Price sum<focus><parameter>20:17 12:20 15:59,<type>proportion<subspace><groupby>Time_Out<measure>Price sum<focus>17:20<parameter>
<type>rank<subspace><groupby>Time_Out<measure>Price sum<focus><parameter>20:17 12:20 15:59,<type>proportion<subspace><groupby>Time_Out<measure>Price sum<focus>17:20<parameter>,<type>rank<subspace><groupby>Street_Address<measure>Price sum<focus><parameter>61 Romney 274 Huger 63 Beaufain
<type>proportion<subspace><groupby>Time_Out<measure>Price sum<focus>17:20<parameter>,<type>rank<subspace><groupby>Street_Address<measure>Price sum<focus><parameter>61 Romney 274 Huger 63 Beaufain,<type>proportion<subspace><groupby>Street_Address<measure>Price sum<focus>61 Romney<parameter>
<type>trend<subspace><groupby>year<measure>revenue avg<focus><parameter>increasing,<type>outlier<subspace><groupby>year<measure>revenue avg<focus>1982/01/01<parameter>,<type>distribution<subspace>year 1982/01/01<groupby>movie<measure>revenue avg<focus><parameter>
<type>outlier<subspace><groupby>year<measure>revenue avg<focus>1982/01/01<parameter>,<type>distribution<subspace>year 1982/01/01<groupby>movie<measure>revenue avg<focus><parameter>,<type>outlier<subspace><groupby>movie<measure>revenue avg<focus>avatar<parameter>
<type>distribution<subspace>year 1982/01/01<groupby>movie<measure>revenue avg<focus><parameter>,<type>outlier<subspace><groupby>movie<measure>revenue avg<focus>avatar<parameter>,<type>extreme<subspace><groupby>movie<measure>revenue avg<focus>district 9<parameter>
<type>categorization<subspace><groupby>company<measure><focus><parameter>252categories,<type>categorization<subspace><groupby>sector<measure><focus><parameter>22categories,<type>rank<subspace><groupby>company<measure>overall_score sum<focus><parameter>Microsoft Corp. Amazon.com Inc. Apple Inc.
<type>categorization<subspace><groupby>sector<measure><focus><parameter>22categories,<type>rank<subspace><groupby>company<measure>overall_score sum<focus><parameter>Microsoft Corp. Amazon.com Inc. Apple Inc.,<type>extreme<subspace><groupby>sector<measure>overall_score sum<focus>Technology<parameter>max
<type>rank<subspace><groupby>company<measure>overall_score sum<focus><parameter>Microsoft Corp. Amazon.com Inc. Apple Inc.,<type>extreme<subspace><groupby>sector<measure>overall_score sum<focus>Technology<parameter>max,<type>rank<subspace><groupby>sector<measure>overall_score sum<focus><parameter>Technology Consumer Goods Financial Services
<type>categorization<subspace><groupby>Institution<measure><focus><parameter>2categories,<type>rank<subspace><groupby>Institution<measure>Bachelor's Degree or Higher sum<focus><parameter>MITx HarvardX,"<type>difference<subspace><groupby>Institution<measure>Grade avg<focus>MITx,HarvardX<parameter>higher"
<type>rank<subspace><groupby>Institution<measure>Bachelor's Degree or Higher sum<focus><parameter>MITx HarvardX,"<type>difference<subspace><groupby>Institution<measure>Grade avg<focus>MITx,HarvardX<parameter>higher",<type>extreme<subspace><groupby>Launch Date<measure> Male Percentage sum<focus>2015/09/21<parameter>max
"<type>difference<subspace><groupby>Institution<measure>Grade avg<focus>MITx,HarvardX<parameter>higher",<type>extreme<subspace><groupby>Launch Date<measure> Male Percentage sum<focus>2015/09/21<parameter>max,<type>extreme<subspace><groupby>Launch Date<measure>Female Percentage sum<focus>2015/09/21<parameter>max
<type>categorization<subspace><groupby>Type<measure><focus><parameter>6categories,<type>proportion<subspace><groupby>Type<measure>Rating count<focus>Paperback<parameter>,<type>rank<subspace><groupby>Type<measure>Rating count<focus><parameter>Paperback Hardcover Kindle Edition
<type>proportion<subspace><groupby>Type<measure>Rating count<focus>Paperback<parameter>,<type>rank<subspace><groupby>Type<measure>Rating count<focus><parameter>Paperback Hardcover Kindle Edition,<type>rank<subspace><groupby>Type<measure>Rating sum<focus><parameter>Paperback Hardcover Kindle Edition
<type>rank<subspace><groupby>Type<measure>Rating count<focus><parameter>Paperback Hardcover Kindle Edition,<type>rank<subspace><groupby>Type<measure>Rating sum<focus><parameter>Paperback Hardcover Kindle Edition,"<type>association<subspace><groupby>Type<measure>Rating avg,Number_Of_Pages avg<focus><parameter>positive"
<type>rank<subspace><groupby>country<measure>number of first time visitors sum<focus><parameter>PHILIPPINES GERMANY THAILAND,<type>rank<subspace><groupby>country<measure>number of more than one time visitors sum<focus><parameter>PHILIPPINES CHINA MALAYSIA,<type>trend<subspace>country PHILIPPINES<groupby>year<measure>number of more than one time visitors sum<focus><parameter>increasing
<type>rank<subspace><groupby>country<measure>number of more than one time visitors sum<focus><parameter>PHILIPPINES CHINA MALAYSIA,<type>trend<subspace>country PHILIPPINES<groupby>year<measure>number of more than one time visitors sum<focus><parameter>increasing,<type>trend<subspace>country CHINA<groupby>year<measure>number of more than one time visitors sum<focus><parameter>increasing
<type>trend<subspace>country PHILIPPINES<groupby>year<measure>number of more than one time visitors sum<focus><parameter>increasing,<type>trend<subspace>country CHINA<groupby>year<measure>number of more than one time visitors sum<focus><parameter>increasing,<type>value<subspace>country CHINA<groupby><measure>number of more than one time visitors sum<focus><parameter>
<type>categorization<subspace><groupby>Citizenship of Visitors<measure><focus><parameter>22categories,<type>trend<subspace><groupby>Year<measure>Percentage of visiors living in hotel avg<focus><parameter>decreasing,<type>trend<subspace><groupby>Year<measure>Percentage of visiors living with friends and relatives sum<focus><parameter>increasing
<type>trend<subspace><groupby>Year<measure>Percentage of visiors living in hotel avg<focus><parameter>decreasing,<type>trend<subspace><groupby>Year<measure>Percentage of visiors living with friends and relatives sum<focus><parameter>increasing,<type>rank<subspace><groupby>Citizenship of Visitors<measure>Percentage of visiors living in hotel sum<focus><parameter>ITALY United States SWITZERLAND
<type>trend<subspace><groupby>Year<measure>Percentage of visiors living with friends and relatives sum<focus><parameter>increasing,<type>rank<subspace><groupby>Citizenship of Visitors<measure>Percentage of visiors living in hotel sum<focus><parameter>ITALY United States SWITZERLAND,<type>rank<subspace><groupby>Citizenship of Visitors<measure>Percentage of visiors living with friends and relatives sum<focus><parameter>MALAYSIA PHILIPPINES INDIA
<type>trend<subspace><groupby>year<measure>Amount of Equivalence sum<focus><parameter>increasing,<type>trend<subspace>Type of manpower PhD<groupby>year<measure>Amount of Equivalence sum<focus><parameter>increasing,<type>extreme<subspace>Type of manpower PhD<groupby>year<measure>Amount of Equivalence sum<focus>2010/01/01<parameter>
<type>trend<subspace>Type of manpower PhD<groupby>year<measure>Amount of Equivalence sum<focus><parameter>increasing,<type>extreme<subspace>Type of manpower PhD<groupby>year<measure>Amount of Equivalence sum<focus>2010/01/01<parameter>,<type>extreme<subspace>Type of manpower PhD<groupby>year<measure>Amount of Equivalence sum<focus>2016/01/01<parameter>max
<type>extreme<subspace>Type of manpower PhD<groupby>year<measure>Amount of Equivalence sum<focus>2010/01/01<parameter>,<type>extreme<subspace>Type of manpower PhD<groupby>year<measure>Amount of Equivalence sum<focus>2016/01/01<parameter>max,"<type>value<subspace>year 2018/01/01,Type of manpower PhD<groupby><measure>Amount of Equivalence sum<focus><parameter>"
<type>categorization<subspace><groupby>sector<measure><focus><parameter>2categories,<type>trend<subspace><groupby>year<measure>number of applied patents sum<focus><parameter>increasing,"<type>association<subspace><groupby>year<measure>number of awarded patents sum,number of applied patents sum<focus><parameter>positive"
<type>trend<subspace><groupby>year<measure>number of applied patents sum<focus><parameter>increasing,"<type>association<subspace><groupby>year<measure>number of awarded patents sum,number of applied patents sum<focus><parameter>positive",<type>extreme<subspace><groupby>year<measure>number of applied patents sum<focus>2018/01/01<parameter>max
"<type>association<subspace><groupby>year<measure>number of awarded patents sum,number of applied patents sum<focus><parameter>positive",<type>extreme<subspace><groupby>year<measure>number of applied patents sum<focus>2018/01/01<parameter>max,<type>extreme<subspace><groupby>year<measure>number of awarded patents sum<focus>2018/01/01<parameter>max
<type>categorization<subspace><groupby>Household Living Arrangement<measure><focus><parameter>5categories,<type>distribution<subspace><groupby>Household Living Arrangement<measure>Resident Households sum<focus><parameter>,<type>outlier<subspace><groupby>Household Living Arrangement<measure>Resident Households avg<focus>Couple-based With Children<parameter>
<type>distribution<subspace><groupby>Household Living Arrangement<measure>Resident Households sum<focus><parameter>,<type>outlier<subspace><groupby>Household Living Arrangement<measure>Resident Households avg<focus>Couple-based With Children<parameter>,<type>proportion<subspace><groupby>Household Living Arrangement<measure>Resident Households sum<focus>Couple-based With Children<parameter>
<type>outlier<subspace><groupby>Household Living Arrangement<measure>Resident Households avg<focus>Couple-based With Children<parameter>,<type>proportion<subspace><groupby>Household Living Arrangement<measure>Resident Households sum<focus>Couple-based With Children<parameter>,<type>value<subspace>Household Living Arrangement Couple-based With Children<groupby><measure>Resident Households avg<focus><parameter>
<type>trend<subspace><groupby>year<measure>number of institution sum<focus><parameter>increasing,<type>value<subspace><groupby><measure>number of institution sum<focus><parameter>,<type>extreme<subspace><groupby>year<measure>number of institution sum<focus>2007/01/01<parameter>max
<type>value<subspace><groupby><measure>number of institution sum<focus><parameter>,<type>extreme<subspace><groupby>year<measure>number of institution sum<focus>2007/01/01<parameter>max,<type>value<subspace>year 2000/01/01<groupby><measure>number of institution sum<focus><parameter>
<type>extreme<subspace><groupby>year<measure>number of institution sum<focus>2007/01/01<parameter>max,<type>value<subspace>year 2000/01/01<groupby><measure>number of institution sum<focus><parameter>,<type>value<subspace>year 2019/01/01<groupby><measure>number of institution sum<focus><parameter>
<type>categorization<subspace><groupby>broadband_connections<measure><focus><parameter>3categories,<type>rank<subspace><groupby>broadband_connections<measure>number of subscriptions sum<focus><parameter>Fibre Based Cable Modem DSL,"<type>difference<subspace><groupby>month<measure>number of subscriptions avg<focus>Aug-08,Apr-19<parameter>higher"
<type>rank<subspace><groupby>broadband_connections<measure>number of subscriptions sum<focus><parameter>Fibre Based Cable Modem DSL,"<type>difference<subspace><groupby>month<measure>number of subscriptions avg<focus>Aug-08,Apr-19<parameter>higher","<type>difference<subspace>broadband_connections DSL<groupby>month<measure>number of subscriptions avg<focus>Aug-08,Apr-19<parameter>higher"
"<type>difference<subspace><groupby>month<measure>number of subscriptions avg<focus>Aug-08,Apr-19<parameter>higher","<type>difference<subspace>broadband_connections DSL<groupby>month<measure>number of subscriptions avg<focus>Aug-08,Apr-19<parameter>higher","<type>difference<subspace>month Apr-19<groupby>broadband_connections<measure>number of subscriptions avg<focus>Fibre Based,DSL<parameter>higher"
<type>trend<subspace><groupby>year<measure>number of home care visits sum<focus><parameter>decreasing,<type>extreme<subspace><groupby>year<measure>number of home care visits sum<focus>2012/01/01<parameter>max,<type>categorization<subspace><groupby>type<measure><focus><parameter>2categories
<type>extreme<subspace><groupby>year<measure>number of home care visits sum<focus>2012/01/01<parameter>max,<type>categorization<subspace><groupby>type<measure><focus><parameter>2categories,<type>distribution<subspace><groupby>country<measure>number of home care visits sum<focus><parameter>
<type>categorization<subspace><groupby>type<measure><focus><parameter>2categories,<type>distribution<subspace><groupby>country<measure>number of home care visits sum<focus><parameter>,<type>rank<subspace><groupby>country<measure>number of home care visits sum<focus><parameter>France Canada New Zealand
<type>rank<subspace><groupby>Ethnic Group<measure>Resident Population avg<focus><parameter>Chinese Malays Indians,<type>distribution<subspace>Ethnic Group Chinese<groupby>Language Most Frequently Spoken at Home<measure>Resident Population avg<focus><parameter>,<type>extreme<subspace><groupby>Language Most Frequently Spoken at Home<measure>Resident Population avg<focus>Others<parameter>
<type>distribution<subspace>Ethnic Group Chinese<groupby>Language Most Frequently Spoken at Home<measure>Resident Population avg<focus><parameter>,<type>extreme<subspace><groupby>Language Most Frequently Spoken at Home<measure>Resident Population avg<focus>Others<parameter>,<type>extreme<subspace><groupby>Language Most Frequently Spoken at Home<measure>Resident Population avg<focus>Mandarin<parameter>max
<type>extreme<subspace><groupby>Language Most Frequently Spoken at Home<measure>Resident Population avg<focus>Others<parameter>,<type>extreme<subspace><groupby>Language Most Frequently Spoken at Home<measure>Resident Population avg<focus>Mandarin<parameter>max,<type>proportion<subspace><groupby>Language Most Frequently Spoken at Home<measure>Resident Population avg<focus>Mandarin<parameter>
<type>trend<subspace><groupby>year<measure>school life expectancy avg<focus><parameter>increasing,<type>distribution<subspace><groupby>gender<measure>school life expectancy count<focus><parameter>,<type>trend<subspace>gender Male<groupby>year<measure>school life expectancy avg<focus><parameter>increasing
<type>distribution<subspace><groupby>gender<measure>school life expectancy count<focus><parameter>,<type>trend<subspace>gender Male<groupby>year<measure>school life expectancy avg<focus><parameter>increasing,<type>extreme<subspace>gender Male<groupby>year<measure>school life expectancy avg<focus>2018/01/01<parameter>max
<type>trend<subspace>gender Male<groupby>year<measure>school life expectancy avg<focus><parameter>increasing,<type>extreme<subspace>gender Male<groupby>year<measure>school life expectancy avg<focus>2018/01/01<parameter>max,"<type>difference<subspace>year 2018/01/01<groupby>gender<measure>school life expectancy avg<focus>Male,Female<parameter>higher"
<type>trend<subspace><groupby>year<measure>number of active member sum<focus><parameter>increasing,<type>categorization<subspace><groupby>age grou[<measure><focus><parameter>11categories,<type>rank<subspace><groupby>age grou[<measure>number of active member sum<focus><parameter>Above 60 >35 - 40 >40 - 45
<type>categorization<subspace><groupby>age grou[<measure><focus><parameter>11categories,<type>rank<subspace><groupby>age grou[<measure>number of active member sum<focus><parameter>Above 60 >35 - 40 >40 - 45,<type>rank<subspace>year 2019/01/01<groupby>age grou[<measure>number of active member avg<focus><parameter>Above 60 >30 - 35 >35 - 40
<type>rank<subspace><groupby>age grou[<measure>number of active member sum<focus><parameter>Above 60 >35 - 40 >40 - 45,<type>rank<subspace>year 2019/01/01<groupby>age grou[<measure>number of active member avg<focus><parameter>Above 60 >30 - 35 >35 - 40,<type>proportion<subspace>year 2019/01/01<groupby>age grou[<measure>number of active member sum<focus>Above 60<parameter>
<type>categorization<subspace><groupby>instrument type<measure><focus><parameter>5categories,<type>rank<subspace><groupby>instrument type<measure>stamp duty assessed sum<focus><parameter>Sale & Purchase Agreement Lease Agreement Share Transfer,<type>rank<subspace><groupby>instrument type<measure>number of instruments avg<focus><parameter>Lease Agreement Sale & Purchase Agreement Mortgage Agreement
<type>rank<subspace><groupby>instrument type<measure>stamp duty assessed sum<focus><parameter>Sale & Purchase Agreement Lease Agreement Share Transfer,<type>rank<subspace><groupby>instrument type<measure>number of instruments avg<focus><parameter>Lease Agreement Sale & Purchase Agreement Mortgage Agreement,<type>extreme<subspace><groupby>financial year<measure>number of instruments sum<focus>2010/01/01<parameter>max
<type>rank<subspace><groupby>instrument type<measure>number of instruments avg<focus><parameter>Lease Agreement Sale & Purchase Agreement Mortgage Agreement,<type>extreme<subspace><groupby>financial year<measure>number of instruments sum<focus>2010/01/01<parameter>max,<type>extreme<subspace><groupby>financial year<measure>number of instruments sum<focus>2010/01/01<parameter>max
<type>distribution<subspace><groupby>category<measure>rating count<focus><parameter>,<type>extreme<subspace><groupby>category<measure>rating avg<focus>events<parameter>,<type>outlier<subspace><groupby>category<measure>reviews avg<focus>tools<parameter>
<type>extreme<subspace><groupby>category<measure>rating avg<focus>events<parameter>,<type>outlier<subspace><groupby>category<measure>reviews avg<focus>tools<parameter>,<type>proportion<subspace><groupby>category<measure>reviews sum<focus>tools<parameter>
<type>outlier<subspace><groupby>category<measure>reviews avg<focus>tools<parameter>,<type>proportion<subspace><groupby>category<measure>reviews sum<focus>tools<parameter>,"<type>association<subspace><groupby>last updated<measure>rating avg,reviews avg<focus><parameter>positive"
<type>categorization<subspace><groupby>gender<measure><focus><parameter>3categories,<type>rank<subspace><groupby>gender<measure>number of newborns sum<focus><parameter>Males Females Unknown,<type>extreme<subspace><groupby>year<measure>number of newborns sum<focus>1988/01/01<parameter>max
<type>rank<subspace><groupby>gender<measure>number of newborns sum<focus><parameter>Males Females Unknown,<type>extreme<subspace><groupby>year<measure>number of newborns sum<focus>1988/01/01<parameter>max,<type>extreme<subspace>gender Males<groupby>year<measure>number of newborns avg<focus>1988/01/01<parameter>max
<type>extreme<subspace><groupby>year<measure>number of newborns sum<focus>1988/01/01<parameter>max,<type>extreme<subspace>gender Males<groupby>year<measure>number of newborns avg<focus>1988/01/01<parameter>max,<type>extreme<subspace>gender Females<groupby>year<measure>number of newborns sum<focus>1988/01/01<parameter>max
<type>categorization<subspace><groupby>Status Mission<measure><focus><parameter>4categories,<type>extreme<subspace><groupby>Status Mission<measure> Rocket count<focus>Success<parameter>max,<type>proportion<subspace>Company Name SpaceX<groupby>Status Mission<measure> Rocket count<focus>Success<parameter>
<type>extreme<subspace><groupby>Status Mission<measure> Rocket count<focus>Success<parameter>max,<type>proportion<subspace>Company Name SpaceX<groupby>Status Mission<measure> Rocket count<focus>Success<parameter>,<type>proportion<subspace>Company Name Roscosmos<groupby>Status Mission<measure> Rocket count<focus>Success<parameter>
<type>proportion<subspace>Company Name SpaceX<groupby>Status Mission<measure> Rocket count<focus>Success<parameter>,<type>proportion<subspace>Company Name Roscosmos<groupby>Status Mission<measure> Rocket count<focus>Success<parameter>,<type>proportion<subspace>Company Name CASC<groupby>Status Mission<measure> Rocket count<focus>Success<parameter>
